time,Alderiate,AlphaCast,AntoineDanielLive,At0mium,BruceGrannec,Corobizar,Domingo,FantaBobShow,Gotaga,HumilityFR,JeelTV,Jirayalecochon,Kamet0,Kenb0gard,Locklear,Maghla,Mickalow,MrBboy45,Sardoche,Solary,Squeezielive,TheGuill84,Tonton,WankilStudio,Xari,ZeratoR,aypierre,iProMx,lestream,mistermv
1575151224.0,0,888,0,0,1067,0,0,0,0,110,0,0,2382,0,2901,0,0,581,0,412,0,0,0,0,4783,0,0,2024,0,964
1575152123.0,0,0,0,0,1697,0,0,0,0,465,0,0,1713,0,0,0,0,1058,0,795,0,0,0,0,7649,0,0,0,0,1424
1575153022.0,0,0,0,0,0,0,0,0,0,692,0,0,2087,0,0,0,0,1225,0,963,0,0,0,0,9930,0,0,0,0,1461
1575153923.0,0,0,0,0,0,0,0,0,0,853,0,0,2263,0,0,0,0,1343,0,1092,0,0,0,0,11033,0,0,0,0,1480
1575154827.0,0,0,0,0,0,0,0,0,0,0,0,0,2385,0,0,0,0,1428,0,1382,0,0,0,0,12215,0,0,0,0,1442
1575155723.0,0,0,0,0,0,0,0,0,0,0,0,0,2304,0,0,0,0,1476,0,1519,0,0,0,0,12029,0,0,0,0,1463
1575156623.0,0,0,0,0,0,0,0,0,0,0,0,0,2224,0,0,0,0,1489,0,1894,0,0,0,0,11912,0,0,0,0,1354
1575157524.0,0,0,0,0,0,0,0,0,0,0,0,0,2095,0,0,0,0,1724,0,2064,0,0,0,0,11482,0,0,0,0,1293
1575158423.0,0,0,0,0,0,0,0,0,0,0,0,0,2166,0,0,0,0,0,0,2005,0,0,0,0,11772,0,0,0,0,1134
1575159323.0,0,0,0,0,0,0,0,0,0,0,0,0,2010,0,0,0,0,0,0,2243,0,0,0,0,11973,0,0,0,0,0
1575160223.0,0,0,0,0,0,0,0,0,0,0,0,0,2282,0,0,0,0,0,0,2294,0,0,0,0,11561,0,0,0,0,0
1575161126.0,0,0,0,0,0,0,0,0,0,0,0,0,2325,0,0,0,0,0,0,2486,0,0,0,0,11343,0,0,0,0,0
1575162024.0,0,0,0,0,0,0,0,0,0,0,0,0,2335,0,0,0,0,0,0,2905,0,0,0,0,10704,0,0,0,0,0
1575162925.0,0,0,0,0,0,0,0,0,0,0,0,0,2035,0,0,0,0,0,0,2868,0,0,0,0,9307,0,0,0,0,0
1575163823.0,0,0,0,0,0,0,0,0,0,0,0,0,1801,0,0,0,0,0,0,4387,0,0,0,0,0,0,0,0,0,0
1575164722.0,0,0,0,0,0,0,0,0,0,0,0,0,2092,0,0,0,0,0,0,4942,0,0,0,0,0,0,0,0,0,0
1575165623.0,0,0,0,0,0,0,0,0,0,0,0,0,2289,0,0,0,0,0,0,4821,0,0,0,0,0,0,0,0,0,0
1575166523.0,0,0,0,0,0,0,0,0,0,0,0,0,0,0,0,0,0,0,0,5845,0,0,0,0,0,0,0,0,0,0
1575167423.0,0,0,0,0,0,0,0,0,0,0,0,0,0,0,0,0,0,0,0,5503,0,0,0,0,0,0,0,0,0,0
1575168324.0,0,0,0,0,0,0,0,0,0,0,0,0,0,0,0,0,0,0,0,5411,0,0,0,0,0,0,0,0,0,0
1575169223.0,0,0,0,0,0,0,0,0,0,0,0,0,0,0,0,0,0,0,0,5246,0,0,0,0,0,0,0,0,0,0
1575170123.0,0,0,0,0,0,0,0,0,0,0,0,0,0,0,0,0,0,0,0,0,0,0,0,0,0,0,0,0,0,0
1575171023.0,0,0,0,0,0,0,0,0,0,0,0,0,0,0,0,0,0,0,0,0,0,0,0,0,0,0,0,0,0,0
1575171922.0,0,0,0,0,0,0,0,0,0,0,0,0,0,0,0,0,0,0,0,0,0,0,0,0,0,0,0,0,0,0
1575172824.0,0,0,0,0,0,0,0,0,0,0,0,0,0,0,0,0,0,0,0,0,0,0,0,0,0,0,0,0,497,0
1575173723.0,0,0,0,0,0,0,0,0,0,0,0,0,0,0,0,0,0,0,0,0,0,0,214,0,0,0,0,0,1039,0
1575174624.0,0,0,0,0,0,0,0,0,0,0,0,0,0,0,0,0,0,0,0,0,0,0,301,0,0,0,0,0,1250,0
1575175523.0,0,0,0,0,0,0,0,0,0,0,0,0,0,0,0,0,0,0,0,0,0,0,380,0,0,0,0,0,1316,0
1575176424.0,0,0,0,0,0,0,0,0,0,0,0,0,0,0,0,0,0,0,0,0,0,0,413,0,0,0,0,0,1420,0
1575177323.0,0,0,0,0,0,0,0,0,0,0,0,0,0,0,0,0,0,0,0,0,0,0,518,0,0,0,0,0,1539,0
1575178223.0,0,0,0,0,0,0,0,0,0,0,0,0,0,0,0,0,0,0,0,0,0,0,596,0,0,0,0,0,1519,0
1575179123.0,0,0,0,0,0,0,0,0,0,0,0,0,0,0,0,0,0,0,0,0,0,0,672,0,0,0,0,0,1527,0
1575180023.0,0,0,0,0,0,0,0,0,0,0,0,0,0,0,0,0,0,0,0,0,0,0,718,0,0,0,0,0,1607,0
1575180923.0,0,0,0,0,0,0,0,0,0,0,584,0,0,0,0,0,0,0,0,0,0,0,812,0,0,0,0,0,1072,0
1575181824.0,0,0,0,0,0,0,0,0,0,0,1048,0,0,0,0,0,0,0,0,742,0,0,861,0,0,0,0,0,1117,0
1575182723.0,0,0,0,0,0,0,0,0,0,0,1168,0,0,0,0,0,0,0,0,955,0,0,923,0,0,0,0,0,1192,0
1575183624.0,0,0,0,0,0,0,0,0,0,0,1549,0,0,0,0,0,0,0,0,1197,0,0,986,0,0,0,0,0,1251,0
1575184524.0,0,0,0,0,0,0,0,0,0,0,1998,0,0,0,0,0,0,0,0,1346,0,0,1056,0,0,0,0,0,1347,0
1575185422.0,0,0,0,0,0,0,0,0,0,0,2270,0,0,0,0,0,0,0,0,1390,0,0,1022,0,0,0,0,0,1398,0
1575186323.0,0,0,0,0,0,0,0,0,0,0,2217,0,0,0,0,0,0,0,0,1464,0,0,1045,0,0,0,0,0,1617,0
1575187224.0,0,0,0,0,0,0,0,0,0,0,1777,0,0,0,0,0,0,0,0,1415,0,0,1136,0,0,0,0,0,2177,0
1575188123.0,0,0,0,0,0,0,0,0,0,0,1465,0,0,0,0,0,0,0,0,1602,0,0,1131,0,0,0,0,0,2401,0
1575189024.0,0,0,0,0,0,0,0,0,0,0,1379,0,0,0,0,0,0,0,0,1854,0,0,1088,0,0,0,0,0,2836,0
1575189924.0,0,0,0,0,0,0,0,0,0,0,1402,0,0,0,0,0,0,0,0,2260,0,0,1079,0,0,0,0,0,3020,0
1575190824.0,0,0,0,0,0,0,0,0,0,0,1467,0,0,0,0,0,0,0,0,2547,0,0,1114,0,0,0,0,0,3338,0
1575191722.0,0,0,0,0,0,0,0,0,0,0,1352,0,0,0,0,0,0,0,0,2415,0,0,1121,0,0,0,0,0,3403,0
1575192623.0,0,0,0,0,0,0,0,0,0,0,1367,0,0,0,0,0,0,0,0,2984,0,0,1131,0,0,0,0,0,3915,0
1575193523.0,0,0,0,0,0,0,0,0,0,0,1353,0,0,0,0,0,0,0,0,2897,0,0,1071,0,0,0,0,0,5383,0
1575194424.0,0,0,0,0,0,0,0,0,0,0,1414,0,0,0,0,0,0,0,0,3419,0,0,1038,0,0,0,0,0,5617,0
1575195322.0,0,0,0,0,0,0,0,0,0,0,1369,0,0,0,0,0,0,0,0,4177,0,0,1068,0,0,0,0,0,5851,0
1575196227.0,0,0,0,0,0,0,0,0,0,0,0,0,0,0,0,0,0,0,0,4033,0,0,1068,0,0,0,0,0,6191,0
1575197128.0,0,0,0,0,0,0,0,0,0,0,0,0,0,0,0,0,0,0,0,4436,0,0,0,0,0,0,0,0,6058,0
1575198024.0,0,0,0,0,0,0,0,0,0,0,0,0,0,0,0,0,0,0,0,5367,0,0,0,0,0,0,0,0,2835,0
1575198926.0,0,0,0,0,0,0,0,0,0,0,0,0,0,0,0,0,0,0,0,5489,0,0,0,0,0,0,0,0,2587,0
1575199827.0,0,0,0,0,0,0,0,0,0,0,0,0,0,0,0,0,0,0,0,5715,0,0,0,0,0,0,0,0,2439,0
1575200724.0,0,0,0,0,0,0,0,0,0,0,0,0,0,0,0,0,0,0,0,4446,0,0,0,0,0,0,0,0,2314,0
1575201626.0,0,0,0,0,0,0,0,0,0,0,0,0,0,0,0,0,0,0,0,4608,0,0,0,0,0,0,0,0,2368,0
1575202524.0,0,0,0,0,0,0,0,0,0,0,0,0,0,0,0,0,0,0,0,4582,0,0,0,0,0,0,0,0,2300,0
1575203423.0,0,0,0,0,0,0,0,0,0,0,0,0,0,0,0,0,0,0,0,4374,0,0,0,0,0,0,0,0,2345,0
1575204324.0,0,0,0,0,0,0,0,0,0,0,0,0,0,0,0,0,0,0,0,4556,0,0,0,0,0,0,0,0,3017,0
1575205227.0,0,0,0,0,0,0,0,0,0,0,0,0,0,0,0,0,0,0,0,4398,0,0,0,0,0,0,0,0,2754,0
1575206124.0,0,0,0,0,0,0,0,0,0,0,0,0,0,0,0,0,0,0,0,4110,0,0,0,0,0,0,0,0,3168,0
1575207025.0,0,0,0,0,0,0,0,0,0,0,0,0,0,0,0,0,0,0,0,4124,0,0,0,0,0,0,0,0,3568,0
1575207925.0,0,0,0,0,0,0,0,0,0,0,0,0,0,0,0,0,0,0,0,4391,0,0,0,0,0,0,0,0,3802,0
1575208827.0,0,0,0,0,0,0,0,0,0,0,0,0,0,0,0,0,0,0,0,4235,0,0,0,0,0,0,0,0,4132,0
1575209727.0,0,0,0,0,0,0,0,0,0,0,0,0,0,0,0,0,0,0,0,4577,0,0,0,0,0,0,0,0,4608,0
1575210625.0,0,0,0,0,1009,0,0,0,0,0,0,0,0,0,0,0,0,0,0,4148,0,0,0,0,0,0,0,0,4963,0
1575211524.0,0,0,0,0,1996,0,0,0,0,0,0,0,0,0,0,0,0,0,0,4930,0,0,0,0,0,0,0,0,6420,0
1575212422.0,0,0,0,0,2803,0,0,0,0,0,0,0,0,0,0,0,0,0,0,5556,0,0,0,0,0,0,0,0,9038,0
1575213324.0,0,0,0,0,3298,0,0,0,0,0,0,0,0,0,0,0,0,0,0,6133,0,0,0,0,0,0,0,0,10196,0
1575214225.0,0,0,0,0,3314,0,0,0,0,0,0,0,0,0,0,0,0,0,0,5711,0,0,0,0,0,0,0,0,10576,0
1575215123.0,0,0,0,0,3330,0,0,0,0,0,0,0,0,0,0,0,0,0,0,5972,0,0,0,0,0,0,0,0,10957,0
1575216025.0,0,0,0,0,3476,0,727,0,0,0,0,0,0,0,0,0,0,0,0,5521,0,0,0,0,0,0,0,0,11461,0
1575216925.0,0,0,0,0,3506,0,4035,0,0,0,0,0,0,0,0,0,0,692,0,5402,0,0,0,0,0,0,0,0,11346,0
1575217824.0,0,0,0,0,3490,0,5668,0,0,207,0,0,0,0,0,0,0,1106,0,5368,0,0,0,0,0,0,0,0,11037,0
1575218724.0,0,0,0,0,1860,0,7420,0,0,479,0,0,0,0,0,0,0,1338,0,5438,0,0,0,0,0,0,0,0,5623,0
1575219623.0,0,0,0,0,2191,704,9192,0,270,651,0,0,0,0,0,0,0,1483,0,5520,0,0,0,0,0,0,0,0,5464,0
1575220524.0,0,0,0,0,2089,1367,9278,0,11354,770,0,0,0,0,0,0,0,1529,1168,4923,0,0,0,0,0,0,0,1569,5257,0
1575221423.0,0,0,0,0,1915,1710,8763,0,17666,806,0,0,0,0,0,0,0,1482,3781,4620,0,0,0,0,0,0,0,2918,5138,0
1575222323.0,0,0,0,0,1733,1674,7800,0,19596,803,0,0,0,0,2270,0,0,1547,4906,4484,0,0,0,0,0,0,0,3331,5062,0
1575223224.0,0,0,0,0,1769,1798,7959,0,20287,810,0,0,0,0,4052,0,0,1682,5981,4475,0,249,0,0,0,0,561,3678,5175,0
1575224123.0,0,0,0,0,0,1848,7605,0,20292,814,0,0,0,0,4729,0,0,1671,6564,4412,0,1159,0,0,0,0,1121,3764,4455,0
1575225023.0,0,0,0,0,0,1732,7049,0,22867,899,0,0,0,0,4882,0,0,1621,6464,2879,0,1545,0,0,0,0,1303,3986,2250,0
1575225923.0,0,0,0,0,0,1792,7199,0,22286,884,0,0,766,0,5009,0,0,1795,5947,2928,0,1793,0,0,0,0,1586,3660,2273,0
1575226824.0,0,0,473,0,0,1755,6902,0,22414,904,0,0,3166,0,5458,0,0,1933,6224,3034,0,1816,0,0,0,0,1599,3645,2228,0
1575227722.0,0,0,663,0,0,1750,6588,0,20197,927,0,0,4423,0,5076,0,0,1984,7057,2685,0,1749,0,0,0,0,1564,3601,2176,0
1575228623.0,0,0,706,0,0,1389,5620,0,20731,950,0,0,6074,0,5246,0,0,1926,7226,3090,0,1637,0,0,0,0,1196,3496,2166,0
1575229523.0,0,0,652,0,0,1503,6012,0,19565,936,0,0,6189,0,5057,0,0,1504,6879,2863,0,1569,0,0,0,0,1106,3445,1985,0
1575230423.0,0,0,659,0,0,0,5149,0,19495,1045,0,0,5137,0,5254,0,0,1564,8313,2909,0,1452,0,0,0,0,1092,3248,2017,0
1575231323.0,0,0,651,0,0,0,5380,0,18377,973,0,0,4817,0,5675,0,0,1627,7961,3144,0,1439,0,0,0,0,983,3130,1889,1419
1575232223.0,0,0,556,0,0,0,5340,0,16510,926,0,0,4073,0,5713,0,0,1561,8537,3105,0,667,0,0,0,0,852,3026,1121,1973
1575233123.0,0,0,3650,0,0,0,5574,0,14374,922,0,0,3015,0,5393,0,0,1469,7847,3022,0,0,0,0,0,0,886,2806,0,2267
1575234023.0,0,0,1193,0,0,0,5394,0,13575,913,0,0,2820,0,5591,0,0,1494,7836,2574,0,0,0,0,0,0,821,2702,0,2376
1575234923.0,0,0,964,0,0,0,5414,0,11760,874,0,0,2994,0,5224,0,0,1358,6780,2586,0,0,0,0,0,0,746,2355,0,2405
1575235824.0,0,0,1006,0,0,0,6102,0,10953,878,0,0,3193,0,4128,0,267,1422,5247,2638,0,0,0,0,0,0,850,2160,0,2301
1575236723.0,0,0,952,0,0,0,5738,0,0,831,0,0,3151,0,4203,0,2620,1321,7094,2819,0,0,0,0,0,0,530,1556,0,2104
1575237625.0,0,0,857,0,0,0,5174,0,0,841,0,0,3113,0,4308,0,2572,1258,7743,2517,0,0,0,0,0,0,0,0,0,1900
1575238523.0,0,0,933,0,0,0,3777,0,0,878,0,0,3366,0,4460,0,2726,1158,2164,2580,0,0,0,0,0,0,0,0,0,2155
1575239424.0,0,0,823,0,0,0,0,0,0,868,0,0,2729,0,4420,0,2832,0,0,2633,0,0,0,0,0,0,0,0,0,2064
1575240323.0,0,0,777,0,0,0,0,0,0,797,0,0,2813,0,4216,0,2522,0,0,3030,0,0,0,0,0,0,0,0,0,1938
1575241223.0,0,0,692,0,0,0,0,0,0,0,0,0,2801,0,4134,0,2561,0,0,3044,0,0,0,0,0,0,0,0,0,1898
1575242123.0,0,0,0,0,0,0,0,0,0,0,0,0,2594,0,4221,0,2397,0,0,2794,0,0,0,0,0,0,0,0,0,1783
1575243024.0,0,0,0,0,0,0,0,0,0,0,0,0,1872,0,4199,0,2349,0,0,2730,0,0,0,0,0,0,0,0,0,1731
1575243923.0,0,0,0,0,0,0,0,0,0,0,0,0,1689,0,3960,0,2188,0,0,2649,0,0,0,0,0,0,0,0,0,1604
1575244824.0,0,0,0,0,0,0,0,0,0,0,0,0,1692,0,3938,0,2255,0,0,2695,0,0,0,0,0,0,0,0,0,1567
1575245723.0,0,0,0,0,0,0,0,0,0,0,0,0,1587,0,1819,0,2056,0,0,2604,0,0,0,0,0,0,0,0,0,1458
1575246623.0,0,0,0,0,0,0,0,0,0,0,0,0,1468,0,0,0,2021,0,0,2317,0,0,0,0,0,0,0,0,0,1406
1575247523.0,0,0,0,0,0,0,0,0,0,0,0,0,1328,0,0,0,1988,0,0,2341,0,0,0,0,0,0,0,0,0,1387
1575248423.0,0,0,0,0,0,0,0,0,0,0,0,0,1300,0,0,0,1998,0,0,2254,0,0,0,0,0,0,0,0,0,1313
1575249323.0,0,0,0,0,0,0,0,0,0,0,0,0,0,0,0,0,1941,0,0,2248,0,0,0,0,0,0,0,0,0,1269
1575250224.0,0,0,0,0,0,0,0,0,0,0,0,0,0,0,0,0,1882,0,0,2226,0,0,0,0,0,0,0,0,0,1202
1575251125.0,0,0,0,0,0,0,0,0,0,0,0,0,0,0,0,0,1799,0,0,2227,0,0,0,0,0,0,0,0,0,1176
1575252023.0,0,0,0,0,0,0,0,0,0,0,0,0,0,0,0,0,1822,0,0,2117,0,0,0,0,0,0,0,0,0,1137
1575252923.0,0,0,0,0,0,0,0,0,0,0,0,0,0,0,0,0,1708,0,0,2083,0,0,0,0,0,0,0,0,0,1103
1575253823.0,0,0,0,0,0,0,0,0,0,0,0,0,0,0,0,0,1729,0,0,2000,0,0,0,0,0,0,0,0,0,0
1575254723.0,0,0,0,0,0,0,0,0,0,0,0,0,0,0,0,0,1752,0,0,2077,0,0,0,0,0,0,0,0,0,0
1575255626.0,0,0,0,0,0,0,0,0,0,0,0,0,0,0,0,0,1697,0,0,2019,0,0,0,0,0,0,0,0,0,0
1575256523.0,0,0,0,0,0,0,0,0,0,0,0,0,0,0,0,0,1655,0,0,2038,0,0,0,0,0,0,0,0,0,0
1575257422.0,0,0,0,0,0,0,0,0,0,0,0,0,0,0,0,0,1662,0,0,1865,0,0,0,0,0,0,0,0,0,0
1575258322.0,0,0,0,0,0,0,0,0,0,0,0,0,0,0,0,0,1656,0,0,1738,0,0,0,0,0,0,0,0,0,0
1575259223.0,0,0,0,0,0,0,0,0,0,0,0,0,0,0,0,0,1602,0,0,1808,0,0,31,0,0,0,0,0,536,0
1575260123.0,0,0,0,0,0,0,0,0,0,0,0,0,0,0,0,0,1497,0,0,1679,0,0,302,0,0,0,0,0,1093,0
1575261023.0,0,0,0,0,0,0,0,0,0,0,0,0,0,0,0,0,1509,0,0,1661,0,0,395,0,0,0,0,0,1308,0
1575261923.0,0,0,0,0,0,0,0,0,0,0,0,0,0,0,0,0,1392,0,0,1625,0,0,441,0,0,0,0,0,1473,0
1575262824.0,0,0,0,0,0,0,0,0,0,0,0,0,0,0,0,0,1304,0,0,1557,0,0,511,0,0,0,0,0,1508,0
1575263723.0,0,0,0,0,0,0,0,0,0,0,0,0,0,0,0,0,1286,0,0,1726,0,0,606,0,0,0,0,0,1619,0
1575264626.0,0,0,0,0,0,0,0,0,0,0,0,0,0,0,0,0,1281,0,0,1713,0,0,688,0,0,0,0,0,1579,0
1575265527.0,0,0,0,0,0,0,0,0,0,0,0,0,0,0,0,0,1228,0,0,1870,0,0,743,0,0,0,0,0,1657,0
1575266427.0,0,0,0,0,0,0,0,0,0,0,0,0,0,0,0,0,1213,0,0,2018,0,0,786,0,0,0,0,0,1508,0
1575267331.0,0,0,0,0,0,0,0,0,0,0,0,0,0,0,0,0,1216,0,0,1902,0,0,841,0,0,0,0,0,1128,0
1575268229.0,0,0,0,0,0,0,0,0,0,0,0,0,0,0,0,0,1225,0,0,2185,0,0,874,0,0,0,0,0,1081,0
1575269127.0,0,0,0,0,0,0,0,0,0,0,0,0,0,0,0,0,1306,0,0,2250,0,0,911,0,0,0,0,0,1143,0
1575270033.0,0,0,0,0,0,0,0,0,0,0,0,0,0,0,0,0,1418,0,0,2140,0,0,1027,0,0,0,0,0,1237,0
1575270927.0,0,0,0,0,0,0,0,0,0,0,0,0,0,0,0,0,1326,0,0,2239,0,0,1033,0,0,0,0,0,1269,0
1575271833.0,0,0,0,0,0,0,0,0,0,0,0,0,0,0,0,0,1495,0,0,1983,0,0,1081,0,0,0,0,0,1270,0
1575272734.0,0,0,0,0,0,0,0,0,0,0,0,0,0,0,0,0,1431,0,0,2148,0,0,1102,0,0,0,0,0,1415,0
1575274529.0,0,0,0,0,0,0,0,0,0,0,0,0,0,0,0,0,1479,0,0,2387,0,0,1107,0,0,0,0,0,1568,0
1575275437.0,0,0,0,0,0,0,0,0,0,0,0,0,0,0,0,0,1754,0,0,2080,0,0,1051,0,0,0,0,0,2190,0
1575276350.0,0,0,0,300,0,0,0,0,0,0,0,0,0,0,0,0,1862,0,0,2111,0,0,1060,0,0,0,0,0,2513,0
1575277238.0,0,0,0,493,0,0,0,0,0,0,0,0,0,0,0,0,1912,0,0,3939,0,0,1078,0,0,0,0,0,2978,0
1575278141.0,0,0,0,618,0,0,0,0,0,0,0,0,0,0,0,0,1956,0,0,4619,0,0,1063,0,0,0,0,0,3066,0
1575279029.0,0,0,0,658,0,0,0,0,0,0,0,0,0,0,0,0,2171,0,0,4342,0,0,1095,0,0,0,0,0,3248,0
1575280831.0,0,0,0,713,0,0,0,0,0,0,0,0,0,0,0,0,2124,0,0,4950,0,0,0,0,0,0,0,0,3494,0
1575281728.0,0,0,0,773,0,0,0,0,0,0,0,0,0,0,0,0,2272,0,0,5035,0,0,0,0,0,0,0,0,3927,0
1575282630.0,0,0,0,798,0,0,0,0,0,0,0,0,0,0,0,0,2368,0,0,4582,0,0,0,0,0,0,0,0,4101,0
1575283528.0,0,0,0,864,0,0,0,0,0,0,0,0,0,0,0,0,2216,0,0,4877,0,0,0,0,0,0,0,0,5342,0
1575284429.0,0,0,0,923,0,0,0,0,0,0,0,0,0,0,0,0,2290,0,0,4514,0,0,0,0,0,0,0,0,5792,0
1575285327.0,0,0,0,934,0,0,0,0,0,0,0,0,0,0,0,0,2081,0,0,4506,0,0,0,0,0,0,0,0,5902,0
1575286251.0,0,0,0,970,0,0,0,0,0,0,0,0,0,0,0,0,2073,0,0,4634,0,0,0,0,0,0,0,0,6383,0
1575287131.0,0,0,0,1060,0,0,0,0,0,0,0,0,0,0,0,0,2104,0,0,4736,0,0,0,0,0,0,0,0,6431,0
1575288056.0,0,0,0,1096,0,0,0,0,0,0,0,0,0,0,0,0,2250,0,0,5106,0,0,0,0,0,0,0,0,3843,0
1575288959.0,0,0,0,1077,0,0,0,0,0,0,0,0,160,0,0,0,2184,0,0,5266,0,0,0,0,0,0,0,0,2714,0
1575290746.0,0,0,0,1135,0,0,0,0,0,0,0,0,0,0,0,0,2117,0,0,3900,0,0,0,0,0,0,0,0,2414,0
1575291629.0,0,0,0,1184,0,0,0,0,0,0,0,0,0,0,0,0,2139,0,0,4273,0,0,0,0,0,0,0,0,2270,0
1575292542.0,0,0,0,1218,0,0,0,0,0,0,0,0,0,0,0,532,1990,0,0,4346,0,0,0,0,0,0,0,0,2239,0
1575293448.0,0,0,0,1172,0,0,0,0,0,0,0,0,0,0,0,945,1977,0,0,4228,0,0,0,0,0,0,0,0,2285,0
1575294337.0,0,0,0,1233,0,0,0,0,0,0,0,0,0,0,0,1271,1920,0,0,4259,0,0,0,0,0,0,0,0,2093,0
1575295248.0,0,0,0,1235,0,0,0,0,0,0,0,0,0,0,0,1317,1838,0,0,4275,0,0,0,0,0,0,0,0,2032,0
1575296137.0,0,0,0,0,0,0,0,0,0,0,0,0,0,0,0,1463,1908,0,0,4084,0,0,0,0,0,0,0,0,2388,0
1575297057.0,0,0,0,0,708,0,0,0,0,0,0,0,0,0,0,1515,2021,0,0,4594,0,0,0,0,0,0,0,0,3445,0
1575297929.0,0,0,0,0,796,0,0,0,0,0,0,0,0,0,0,1799,2041,0,0,4835,0,0,0,0,0,0,0,0,3691,0
1575298826.0,0,0,0,0,0,0,0,0,0,0,0,0,0,0,0,1990,1991,0,0,5170,0,0,0,0,0,0,0,0,3937,0
1575299730.0,0,0,0,0,0,0,0,0,1722,0,0,0,0,0,0,1975,1999,0,0,5183,0,0,0,0,0,0,0,0,3697,0
1575300625.0,0,0,0,0,0,0,0,0,4469,0,0,0,0,0,0,1856,2014,0,0,5419,0,0,0,0,0,0,0,0,3863,0
1575301525.0,0,0,0,0,0,0,0,0,5729,0,0,0,0,0,0,1726,1777,0,0,5299,0,0,0,0,0,0,0,0,4421,0
1575302425.0,0,0,0,0,0,0,0,0,6618,58,0,0,0,0,1358,1633,1438,0,0,5638,0,0,0,0,0,0,0,0,5047,0
1575303331.0,0,0,0,0,143,0,0,760,2705,368,0,0,0,0,2688,1574,1371,736,0,5813,0,0,0,0,0,0,0,0,8691,0
1575304228.0,0,671,0,0,893,0,0,1175,3828,534,0,0,0,0,3084,1457,1598,1254,0,5431,0,0,0,0,0,0,0,0,10651,0
1575305127.0,0,1572,0,0,1270,0,0,1242,4951,633,0,0,0,0,4062,1402,2141,1452,0,4464,0,0,0,0,0,0,0,0,11918,0
1575306027.0,0,2264,0,0,1435,0,9595,1313,5329,691,0,0,0,0,4953,1255,2355,1791,0,3502,0,0,0,0,0,0,0,0,13035,0
1575306924.0,0,2445,0,0,1367,0,26262,519,5032,741,0,0,0,0,4069,1080,2102,1764,0,2894,0,0,0,0,0,0,0,0,12871,0
1575307828.0,0,2791,0,0,1440,0,34107,499,5526,821,0,0,0,0,3725,0,1735,1827,0,2839,0,0,0,0,0,0,0,0,11780,0
1575308723.0,0,3119,0,0,1621,0,38143,276,5704,891,0,0,0,0,3612,0,0,1903,0,2546,0,0,0,0,0,0,0,0,9403,0
1575309628.0,0,3100,0,0,1804,0,41423,0,6773,810,0,0,0,0,3572,0,0,1952,0,2506,0,0,0,0,0,0,0,0,4220,0
1575310522.0,0,3460,0,0,1854,0,39742,0,6182,786,0,0,0,0,3433,0,0,1905,0,2304,0,0,0,0,0,0,0,0,3837,0
1575311432.0,0,3500,0,0,2017,0,40168,0,6899,810,0,0,471,0,3312,0,0,1937,0,2326,0,0,0,0,0,0,0,0,3403,0
1575312324.0,0,3553,0,0,1767,0,39564,0,6437,903,0,0,1680,0,2982,0,0,1980,0,1792,0,0,0,0,0,0,0,0,3048,0
1575313222.0,0,3591,0,0,1719,0,39085,0,6364,976,0,0,2271,0,2957,0,0,1995,0,1798,0,0,0,0,0,0,0,0,2657,0
1575314125.0,0,3714,0,0,1661,0,38061,0,5962,1030,0,0,3114,0,2992,0,0,2006,0,1660,0,0,0,0,0,0,0,0,2574,0
1575315025.0,0,3928,0,0,1576,0,37558,210,6173,996,0,0,3433,0,2893,0,0,1980,0,1725,0,0,0,0,0,0,0,0,2474,0
1575315925.0,0,4346,0,0,1640,0,20454,917,7164,1047,0,0,4936,0,3334,0,0,1994,0,1984,0,0,0,0,0,0,0,0,2277,0
1575316823.0,0,4517,0,0,1677,0,0,1390,8722,1067,0,0,6360,0,3763,0,0,1960,0,2307,0,0,0,0,0,0,0,0,2128,0
1575317722.0,0,4782,0,0,1660,0,0,1582,9546,1104,0,0,7521,0,3750,0,0,1970,0,2436,0,0,0,0,0,0,0,0,2986,0
1575318623.0,0,4717,0,0,1178,0,0,1707,5265,1097,0,0,8128,0,3586,0,0,1777,0,2094,0,0,0,0,0,0,0,0,3881,185
1575319523.0,0,4875,0,0,981,0,0,1709,7234,1092,0,0,7998,0,3170,0,0,1537,0,1767,0,0,0,0,0,0,0,0,3935,1737
1575320424.0,0,5159,0,0,934,0,0,1768,7805,1004,0,0,7140,0,3219,0,0,1527,0,1380,0,0,0,0,0,0,0,0,3778,2019
1575321325.0,0,5291,0,0,0,0,0,1756,7408,0,0,0,7191,0,2939,0,0,1512,0,1926,0,0,0,0,0,0,0,0,3628,2096
1575322224.0,0,5486,0,0,0,0,0,1780,7516,0,0,0,4753,0,2634,0,0,1570,0,2071,0,0,0,0,0,0,0,0,0,2089
1575323124.0,0,2586,0,0,0,0,0,1882,6849,0,0,0,3947,0,2652,0,0,1579,0,1897,0,0,0,0,0,0,0,0,0,2076
1575324022.0,0,0,0,0,0,0,0,1883,6596,0,0,0,3610,0,2575,0,0,1538,0,1862,0,0,0,0,0,0,0,0,0,1988
1575324923.0,0,0,0,0,0,0,0,1691,6419,0,0,0,3343,0,2469,0,0,1389,0,2130,0,0,0,0,0,0,0,0,0,1871
1575325823.0,0,0,0,0,0,0,0,1652,6113,0,0,0,2941,0,2358,0,0,1319,0,1966,0,0,0,0,0,0,0,0,0,1742
1575326723.0,0,0,0,0,0,0,0,1601,5632,0,0,0,2811,0,2324,0,0,1235,0,2089,0,0,0,0,0,0,0,0,0,1729
1575327624.0,0,0,0,0,0,0,0,1573,5327,0,0,0,2601,0,2139,0,0,1190,0,2222,0,0,0,0,0,0,0,0,0,1798
1575328523.0,0,0,0,0,0,0,0,1476,5191,0,0,0,2266,0,2180,0,0,1063,0,2012,0,0,0,0,0,0,0,0,0,1651
1575329422.0,0,0,0,0,0,0,0,1434,4896,0,0,0,2096,0,2148,0,0,1028,0,2050,0,0,0,0,0,0,0,0,0,1602
1575330324.0,0,0,0,0,0,0,0,0,5361,0,0,0,1979,0,2129,0,0,0,0,1926,0,0,0,0,0,0,0,0,0,1551
1575331223.0,0,0,0,0,0,0,0,0,5675,0,0,0,1853,0,1966,0,0,0,0,2082,0,0,0,0,0,0,0,0,0,1458
1575332125.0,0,0,0,0,0,0,0,0,5432,0,0,0,1819,0,1878,0,0,0,0,1983,0,0,0,0,0,0,0,0,0,1432
1575333022.0,0,0,0,0,0,0,0,0,5140,0,0,0,1735,0,1888,0,0,0,0,1922,0,0,0,0,0,0,0,0,0,1379
1575333923.0,0,0,0,0,0,0,0,0,5085,0,0,0,1648,0,1911,0,0,0,0,1625,0,0,0,0,0,0,0,0,0,1345
1575334823.0,0,0,0,0,0,0,0,0,5021,0,0,0,1534,0,0,0,0,0,0,1585,0,0,0,0,0,0,0,0,0,1277
1575335723.0,0,0,0,0,0,0,0,0,4907,0,0,0,1440,0,0,0,0,0,0,1513,0,0,0,0,0,0,0,0,0,1275
1575336623.0,0,0,0,0,0,0,0,0,4619,0,0,0,1363,0,0,0,0,0,0,1504,0,0,0,0,0,0,0,0,0,1080
1575337522.0,0,0,0,0,0,0,0,0,4303,0,0,0,1313,0,0,0,0,0,0,1490,0,0,0,0,0,0,0,0,0,0
1575338425.0,0,0,0,0,0,0,0,0,4361,0,0,0,1274,0,0,0,0,0,0,1512,0,0,0,0,0,0,0,0,0,0
1575339324.0,0,0,0,0,0,0,0,0,4314,0,0,0,1205,0,0,0,0,0,0,1355,0,0,0,0,0,0,0,0,0,0
1575340222.0,0,0,0,0,0,0,0,0,4189,0,0,0,0,0,0,0,0,0,0,1281,0,0,0,0,0,0,0,0,0,0
1575341123.0,0,0,0,0,0,0,0,0,3997,0,0,0,0,0,0,0,0,0,0,1244,0,0,0,0,0,0,0,0,0,0
1575342023.0,0,0,0,0,0,0,0,0,4076,0,0,0,0,0,0,0,0,0,0,1237,0,0,0,0,0,0,0,0,0,0
1575342923.0,0,0,0,0,0,0,0,0,4019,0,0,0,0,0,0,0,0,0,0,1205,0,0,0,0,0,0,0,0,0,0
1575343822.0,0,0,0,0,0,0,0,0,4081,0,0,0,0,0,0,0,0,0,0,1162,0,0,0,0,0,0,0,0,0,0
1575344723.0,0,0,0,0,0,0,0,0,3652,0,0,0,0,0,0,0,0,0,0,1127,0,0,0,0,0,0,0,0,0,0
1575345623.0,0,0,0,0,0,0,0,0,3652,0,0,0,0,0,0,0,0,0,0,1100,0,0,78,0,0,0,0,0,449,0
1575346523.0,0,0,0,0,0,0,0,0,3665,0,0,0,0,0,0,0,0,0,0,1078,0,0,253,0,0,0,0,0,886,0
1575347424.0,0,0,0,0,0,0,0,0,3614,0,0,0,0,0,0,0,0,0,0,1056,0,0,383,0,0,0,0,0,1109,0
1575348323.0,0,0,0,0,0,0,0,0,3461,0,0,0,0,0,0,0,0,0,0,1021,0,0,455,0,0,0,0,0,1249,0
1575349224.0,0,0,0,0,0,215,0,0,3264,0,0,0,0,0,0,0,0,0,0,1144,0,0,512,0,0,0,0,0,1405,0
1575350122.0,0,0,0,0,0,550,0,0,0,0,0,0,0,0,0,0,0,0,0,1302,0,0,565,0,0,0,0,0,1536,0
1575351022.0,0,0,0,0,0,758,0,0,0,0,0,0,0,0,0,0,0,0,0,1265,0,0,631,0,0,0,0,0,1573,0
1575351923.0,0,0,0,0,0,811,0,0,0,0,0,0,0,0,0,0,0,0,0,1327,0,0,711,0,0,0,0,0,1587,0
1575352824.0,0,0,0,0,0,927,0,0,0,0,0,0,0,0,0,0,0,0,0,1168,0,0,803,0,0,0,0,0,1578,0
1575353727.0,0,0,0,0,0,999,0,0,0,0,555,0,0,0,0,0,0,0,0,1145,0,0,806,0,0,0,0,0,1146,0
1575354635.0,0,0,0,0,0,1060,0,0,0,0,918,0,0,0,0,0,0,0,0,1328,0,0,830,0,0,0,0,0,1255,0
1575355531.0,0,0,0,0,0,1167,0,0,0,0,1173,0,0,0,0,0,0,0,0,1363,0,0,899,0,0,0,0,0,1358,0
1575356441.0,0,0,0,0,0,1207,0,0,0,0,1307,0,0,0,0,0,0,0,0,1573,0,0,934,0,0,0,0,0,1372,0
1575357333.0,0,0,0,0,0,1311,0,0,0,0,1377,0,0,0,0,0,0,0,0,1709,0,0,920,0,0,0,0,0,1426,0
1575358232.0,0,0,0,0,0,1335,0,0,0,0,1525,0,0,0,0,0,0,0,0,1712,0,0,945,0,0,0,0,0,1517,0
1575359130.0,0,0,0,0,0,1469,0,0,0,0,1603,0,0,0,0,0,0,0,0,1801,0,0,968,0,0,0,0,0,1430,0
1575360038.0,0,0,0,311,0,1544,0,0,0,0,1733,0,0,0,0,0,0,0,0,1694,0,0,957,0,0,0,0,0,1472,0
1575360936.0,0,0,0,294,0,1489,0,0,0,0,1857,0,0,0,0,0,0,0,0,1690,0,0,965,0,0,0,0,0,1806,0
1575361840.0,0,0,0,341,0,1691,0,0,0,0,2039,0,0,0,0,0,0,0,0,2093,0,0,919,0,0,0,0,0,2068,0
1575362750.0,0,0,0,346,0,1885,0,0,0,0,2079,0,0,0,0,0,0,0,0,1894,0,0,934,0,0,0,0,0,2171,0
1575363630.0,0,0,0,396,0,1846,0,0,0,0,2114,0,0,0,0,0,0,0,0,1957,0,0,0,0,0,0,0,0,2549,0
1575364567.0,0,0,0,416,0,2129,0,0,0,0,2196,0,0,0,0,0,0,0,0,3334,0,0,0,0,0,0,0,0,2774,0
1575365431.0,0,0,0,453,0,1922,0,0,0,0,2210,0,0,0,0,0,0,0,0,4138,0,0,0,0,0,0,0,0,3160,0
1575366336.0,0,0,0,426,0,1919,0,0,0,0,2343,0,0,0,0,0,0,0,0,4305,0,0,0,0,0,0,0,0,3501,0
1575367233.0,0,0,0,650,0,2127,0,0,0,0,2494,0,0,0,0,0,0,0,0,4692,0,0,0,0,0,0,0,0,3672,0
1575368142.0,0,0,0,785,0,1880,1267,0,0,0,2304,0,0,0,0,0,0,0,0,4908,0,0,0,0,0,0,0,0,4948,0
1575369049.0,0,0,0,849,0,1938,3283,0,0,0,2242,0,0,0,0,0,0,0,0,4529,0,0,0,0,0,0,0,0,5208,0
1575369939.0,0,0,0,938,0,1822,5207,0,0,0,2182,0,0,0,0,0,0,0,0,4313,0,0,0,0,0,0,0,0,5272,0
1575370829.0,0,0,0,985,0,0,5975,0,0,0,1678,0,0,0,0,0,0,0,0,4263,0,0,0,0,0,0,0,0,5570,0
1575371728.0,0,0,0,978,0,0,5957,0,0,0,0,0,0,0,0,0,0,0,0,4201,0,0,0,0,0,0,0,0,5161,0
1575372661.0,0,0,0,1044,0,0,5794,0,0,0,0,0,0,0,0,0,0,0,0,4370,0,0,0,0,0,0,0,0,3485,0
1575373545.0,0,0,0,973,0,0,5727,0,0,0,0,0,0,0,0,0,0,0,0,4633,0,0,0,0,0,0,0,0,3156,0
1575374469.0,0,0,0,989,0,0,5610,0,0,0,0,0,0,0,0,0,0,0,0,3484,0,0,0,0,0,0,0,0,3118,0
1575375343.0,0,0,0,1039,0,0,5712,0,0,0,0,0,0,0,0,0,0,0,0,3694,0,0,0,0,0,0,0,0,3082,0
1575376238.0,0,0,0,1136,1024,0,5523,0,0,0,0,0,0,0,0,0,0,0,0,2227,0,0,0,0,0,0,0,0,3089,0
1575377174.0,0,0,0,1194,2095,0,5379,0,0,0,0,0,0,0,0,0,0,0,0,3055,0,0,0,0,0,0,0,0,3003,0
1575378063.0,0,0,0,1202,2164,0,5207,0,0,0,0,0,0,0,0,0,0,0,0,2972,0,0,0,0,0,0,0,0,3094,0
1575378958.0,0,0,0,1166,2244,0,5081,0,0,0,0,0,0,0,0,539,0,0,0,3237,0,0,0,0,0,0,0,0,3068,0
1575379844.0,0,0,0,1180,2340,0,5149,0,0,0,0,0,0,0,0,870,0,0,0,3270,0,0,149,0,0,0,0,0,2397,0
1575380739.0,0,0,0,1130,2543,0,5269,0,0,0,0,0,0,0,0,943,0,0,0,3296,0,0,449,0,0,0,0,0,3087,0
1575381639.0,0,0,0,1113,2884,0,5409,0,0,0,0,0,0,0,0,1059,0,0,0,3199,0,0,675,0,0,0,0,0,3608,0
1575382547.0,0,0,0,1764,2552,0,5525,0,0,0,0,0,0,0,0,1229,0,0,0,3117,0,0,773,0,0,0,0,0,4020,0
1575383452.0,0,0,0,0,2693,0,5316,0,0,0,0,0,0,0,0,1360,0,0,0,3119,0,0,766,0,0,0,0,0,4378,0
1575385249.0,0,0,0,0,2801,0,5117,0,0,0,0,0,0,0,0,1481,0,0,0,3456,0,0,714,0,0,0,0,0,4785,0
1575386136.0,0,0,0,0,2937,0,6123,0,0,0,0,0,0,0,0,1434,0,0,0,3407,0,0,729,0,0,0,0,0,5010,0
1575387055.0,0,0,0,0,3131,0,6968,0,0,0,0,0,0,0,0,0,0,0,0,3547,0,0,758,0,0,0,0,0,5304,0
1575387939.0,0,0,0,0,3260,0,7730,0,0,0,0,0,0,293,0,0,0,0,0,3848,0,0,787,0,0,0,0,0,5313,0
1575388826.0,0,0,0,0,0,0,8199,0,0,0,0,0,0,649,0,0,0,0,0,3895,0,0,778,0,0,0,0,0,8182,0
1575389725.0,0,0,0,0,0,0,8201,0,0,0,0,0,0,823,0,0,0,474,0,3992,0,0,743,0,0,0,0,0,9795,0
1575390623.0,0,0,0,0,0,0,8214,315,0,0,0,0,0,1022,0,0,0,961,0,4412,0,0,704,0,0,0,0,0,10820,0
1575391526.0,0,0,0,0,0,0,8111,1089,0,0,0,0,0,1274,0,0,0,1384,0,4835,0,0,712,0,0,0,0,0,11446,0
1575392424.0,0,0,0,0,0,0,0,1401,0,0,0,0,0,1458,0,0,0,1453,0,4837,0,0,773,0,0,0,0,0,12269,0
1575393322.0,0,0,0,0,0,0,0,1544,0,0,0,0,0,1473,0,0,0,1549,0,4647,0,0,740,0,0,6976,0,0,12575,0
1575394226.0,0,0,0,0,0,0,0,1686,0,0,0,0,0,1636,770,0,0,1607,875,3382,0,0,673,0,0,13107,0,0,11783,0
1575395124.0,0,0,0,0,0,0,0,1794,0,108,0,0,0,1244,3675,0,0,1648,3491,3045,0,0,645,0,0,15046,0,1850,6668,0
1575396022.0,0,0,0,0,0,0,0,1795,0,348,0,0,0,0,5210,0,0,1599,4140,2907,0,0,563,0,0,16657,56,3250,6432,0
1575396937.0,0,0,0,0,0,0,0,1892,0,588,0,0,0,0,5623,0,429,1692,3776,2716,0,0,0,0,0,16605,334,3526,6380,0
1575397826.0,0,0,0,0,0,0,0,1854,0,752,0,0,0,0,5067,0,539,1795,3800,2618,0,0,0,0,0,16122,424,3728,6545,0
1575398723.0,0,0,739,0,0,0,0,1837,0,843,0,0,255,0,5715,0,597,1795,3765,2539,0,0,0,0,0,16473,495,3902,6742,0
1575399626.0,0,0,1503,0,0,0,0,1874,0,947,0,0,1633,0,6081,0,571,1583,3652,2175,0,0,0,0,0,16649,469,3974,6523,0
1575400524.0,0,0,1795,0,0,0,0,1940,3549,994,0,0,2030,0,5936,0,535,1363,3383,2074,0,0,0,0,0,15946,549,4161,6747,0
1575401423.0,0,0,2027,0,0,0,0,1990,4703,1113,0,0,2240,0,5749,0,563,1294,3114,2563,0,0,0,0,0,15227,463,4125,7494,0
1575402323.0,0,0,2218,0,0,0,0,1995,5175,1114,0,0,2561,0,6155,0,587,1205,2934,2420,0,0,0,0,0,14198,419,4370,8412,0
1575403223.0,0,0,2314,0,0,0,0,2081,5416,1188,0,0,2747,0,6173,0,480,1248,3020,2677,0,0,0,0,0,13577,428,4362,8388,0
1575404123.0,0,0,2463,0,0,0,0,2052,5672,1160,0,0,3114,0,6328,0,605,1618,3001,2688,0,0,0,0,0,11932,483,4174,8589,0
1575405025.0,0,0,2638,0,0,0,0,2119,6024,1159,0,0,3146,0,6281,0,621,1600,3078,5338,0,0,0,0,0,10377,415,3971,8776,0
1575405923.0,0,0,3450,0,0,0,0,2247,7072,1082,0,0,3388,0,6202,0,690,1715,3390,3332,0,0,0,0,0,7288,448,3710,8549,0
1575406824.0,0,0,3630,0,0,0,0,2155,7431,1091,0,0,3475,0,5892,0,661,1720,3128,3522,0,0,0,0,0,0,458,3510,0,0
1575407723.0,0,0,3701,0,0,0,0,2123,6812,1103,0,0,3480,0,5952,0,693,1657,3138,3503,0,0,0,0,0,0,0,2458,0,0
1575408622.0,0,0,3377,0,0,0,0,2141,6814,1095,0,0,3423,0,5934,0,591,1611,2919,2729,0,0,0,0,0,0,0,1415,0,0
1575409523.0,0,0,3376,0,0,0,0,2226,6004,1037,0,0,3106,0,5869,0,620,1568,2808,2929,0,0,0,0,0,0,0,0,0,0
1575410424.0,0,0,3221,0,0,0,0,2123,5880,1026,0,0,3309,0,5503,0,637,1519,2638,2750,0,0,0,0,0,0,0,0,0,0
1575411323.0,0,0,3218,0,0,0,0,2015,5846,974,0,0,4017,0,4046,0,588,1423,2519,2539,0,0,0,0,0,0,0,0,0,0
1575412222.0,0,0,2918,0,0,0,0,1956,5608,952,0,0,4425,0,3546,0,604,1382,2428,2421,0,0,0,0,0,0,0,0,0,0
1575413124.0,0,0,2855,0,0,0,0,1994,5542,833,0,0,4797,0,0,0,643,1310,2413,2322,0,0,0,0,0,0,0,0,0,0
1575414023.0,0,0,2771,0,0,0,0,2038,5183,825,0,0,4145,0,0,0,613,1360,2219,2106,0,0,0,0,0,0,0,0,0,0
1575414923.0,0,0,2571,0,0,0,0,2052,5081,841,0,0,2749,0,0,0,591,1284,2046,2201,0,0,0,0,0,0,0,0,0,0
1575415824.0,0,0,2259,0,0,0,0,1899,5014,855,0,0,2418,0,0,0,514,1213,2027,2213,0,0,0,0,0,0,0,0,0,0
1575416723.0,0,0,0,0,0,0,0,1876,5050,790,0,0,0,0,0,0,568,1174,2114,1862,0,0,0,0,0,0,0,0,0,0
1575417626.0,0,0,0,0,0,0,0,1819,5053,699,0,0,0,0,0,0,563,0,2003,1794,0,0,0,0,0,0,0,0,0,0
1575418523.0,0,0,0,0,0,0,0,1728,4854,727,0,0,0,0,0,0,577,0,1888,1823,0,0,0,0,0,0,0,0,0,0
1575419423.0,0,0,0,0,0,0,0,1606,4536,0,0,0,0,0,0,0,597,0,1725,1654,0,0,0,0,0,0,0,0,0,0
1575420323.0,0,0,0,0,0,0,0,1603,4492,0,0,0,0,0,0,0,546,0,1735,1518,0,0,0,0,0,0,0,0,0,0
1575421223.0,0,0,0,0,0,0,0,1549,4389,0,0,0,0,0,0,0,575,0,1648,1427,0,0,0,0,0,0,0,0,0,0
1575422123.0,0,0,0,0,0,0,0,1439,4353,0,0,0,0,0,0,0,454,0,1653,0,0,0,0,0,0,0,0,0,0,0
1575423025.0,0,0,0,0,0,0,0,1411,4214,0,0,0,0,0,0,0,451,0,1563,0,0,0,0,0,0,0,0,0,0,0
1575423923.0,0,0,0,0,0,0,0,1403,4125,0,0,0,0,0,0,0,465,0,0,0,0,0,0,0,0,0,0,0,0,0
1575424822.0,0,0,0,0,0,0,0,1378,4085,0,0,0,0,0,0,0,0,0,0,0,0,0,0,0,0,0,0,0,0,0
1575425722.0,0,0,0,0,0,0,0,1363,4140,0,0,0,0,0,0,0,0,0,0,0,0,0,0,0,0,0,0,0,0,0
1575426623.0,0,0,0,0,0,0,0,1378,4054,0,0,0,0,0,0,0,0,0,0,0,0,0,0,0,0,0,0,0,0,0
1575427524.0,0,0,0,0,0,0,0,1332,4061,0,0,0,0,0,0,0,0,0,0,0,0,0,0,0,0,0,0,0,0,0
1575428423.0,0,0,0,0,0,0,0,1254,3822,0,0,0,0,0,0,0,0,0,0,0,0,0,0,0,0,0,0,0,0,0
1575429323.0,0,0,0,0,0,0,0,1247,3738,0,0,0,0,0,0,0,0,0,0,0,0,0,0,0,0,0,0,0,0,0
1575430224.0,0,0,0,0,0,0,0,1267,3593,0,0,0,0,0,0,0,0,0,0,0,0,0,0,0,0,0,0,0,0,0
1575431122.0,0,0,0,0,0,0,0,0,3412,0,0,0,0,0,0,0,0,0,0,0,0,0,0,0,0,0,0,0,199,0
1575432023.0,0,0,0,0,0,0,0,0,3349,0,0,0,0,0,0,0,0,0,0,0,0,0,51,0,0,0,0,0,545,0
1575432923.0,0,0,0,0,0,0,0,0,3337,0,0,0,0,0,0,0,0,0,0,0,0,0,250,0,0,0,0,0,960,0
1575433826.0,0,0,0,0,0,0,0,0,3284,0,0,0,0,0,0,0,0,0,0,0,0,0,371,0,0,0,0,0,1131,0
1575434723.0,0,0,0,0,0,0,0,0,3257,0,0,0,0,0,0,0,0,0,0,0,0,0,418,0,0,0,0,0,1285,0
1575435623.0,0,0,0,0,0,205,0,0,3205,0,0,0,0,0,0,0,0,0,0,0,0,0,469,0,0,0,0,0,1379,0
1575436525.0,0,0,0,0,0,480,0,0,3229,0,0,0,0,0,0,0,0,0,0,0,0,0,525,0,0,0,0,0,1464,0
1575437428.0,0,0,0,0,0,837,0,0,3226,0,0,0,0,0,0,0,0,0,0,0,0,0,567,0,0,0,0,0,1575,0
1575438327.0,283,0,0,0,0,1012,0,0,3285,0,0,0,0,0,0,0,0,0,0,0,0,0,634,0,0,0,0,0,1570,0
1575439233.0,520,0,0,0,0,1032,0,0,3390,0,0,0,0,0,0,0,0,0,0,0,0,0,696,0,0,0,0,0,1527,0
1575440126.0,683,0,0,0,0,1224,0,0,3642,0,0,0,0,0,0,0,0,0,0,611,0,0,791,0,0,0,0,0,1253,0
1575441028.0,741,0,0,0,0,1456,0,0,3556,0,0,0,0,0,0,0,0,0,0,877,0,0,882,0,0,0,0,0,1344,0
1575441928.0,868,0,0,0,0,1339,0,0,0,0,0,0,0,0,0,0,0,0,0,1330,0,0,936,0,0,0,0,0,1460,0
1575442837.0,956,0,0,0,0,1490,0,0,0,0,0,0,0,0,0,0,0,0,0,1513,0,0,993,0,0,0,0,0,1606,0
1575443735.0,1084,0,0,0,0,1644,0,0,0,0,0,0,0,0,0,0,0,0,0,1571,0,0,1177,0,0,0,0,0,1644,0
1575444635.0,1255,0,0,0,0,1844,0,0,0,0,0,0,0,0,0,0,0,0,0,1644,0,0,934,0,0,0,0,0,1752,0
1575445535.0,1321,0,0,0,0,1898,0,0,0,0,1368,0,0,0,0,0,0,0,0,1688,0,0,858,0,0,0,0,0,1776,0
1575446431.0,1363,0,0,0,0,1850,0,0,0,0,1898,0,0,0,0,0,0,0,0,1768,0,0,856,0,0,0,0,0,1886,0
1575447360.0,1381,0,0,0,0,2142,0,0,0,0,2208,0,0,0,0,0,0,0,0,1716,0,0,816,0,0,0,0,0,2575,0
1575448237.0,1431,0,0,0,0,2028,0,0,0,0,2301,0,0,0,0,0,0,0,0,1873,0,0,796,0,0,0,0,0,2992,0
1575449135.0,1497,0,0,0,0,2279,0,0,0,0,2260,0,0,0,0,0,0,0,0,1884,0,0,787,0,0,0,0,0,3351,0
1575450048.0,1516,0,0,0,0,2264,0,0,0,0,2124,0,0,0,0,0,0,0,0,2135,0,0,785,0,0,0,0,0,3699,0
1575450937.0,1620,0,0,0,0,2321,0,0,0,0,2270,0,0,0,0,0,0,0,0,2244,0,0,808,0,0,0,0,0,4026,0
1575451841.0,1703,0,0,0,0,2081,0,0,0,0,2317,0,0,0,0,0,0,0,0,2504,0,0,806,0,0,0,0,0,4330,0
1575452747.0,1691,0,0,0,0,2321,0,0,0,0,2275,0,0,0,0,0,0,0,0,2798,0,0,775,0,0,0,0,0,4490,0
1575453630.0,1745,0,0,0,0,2589,0,0,0,0,2599,0,0,0,0,0,0,0,0,2914,0,0,764,0,0,0,0,0,4479,0
1575454548.0,1755,0,0,0,0,2321,0,0,0,0,2817,0,0,0,0,0,0,0,0,2989,0,0,755,0,0,0,0,0,5810,0
1575455437.0,1828,0,0,0,0,2514,0,0,0,0,2955,0,0,0,0,0,0,0,0,3014,0,0,736,0,0,0,0,0,6361,0
1575456338.0,1819,0,0,0,0,2605,0,0,0,0,2520,0,0,0,0,0,0,0,0,2798,0,0,728,0,0,0,0,0,6659,0
1575457234.0,1965,0,0,0,0,0,0,0,0,0,0,0,0,0,0,0,0,0,0,3432,0,0,718,0,0,0,0,0,7014,0
1575458137.0,2038,0,0,0,0,0,0,0,0,0,0,0,0,0,0,0,0,0,0,3133,0,0,0,0,0,0,0,0,7231,0
1575459039.0,2076,0,0,0,0,0,0,0,0,0,0,0,0,0,0,0,0,0,0,3600,0,0,0,0,0,0,0,0,5475,0
1575459932.0,2066,0,0,0,0,0,0,0,0,0,0,0,0,0,0,0,0,0,0,3440,0,0,0,0,0,0,0,0,4230,0
1575460843.0,2121,0,0,0,0,0,0,0,0,0,0,0,0,0,0,0,0,0,0,3405,0,0,0,0,0,0,0,0,3965,0
1575461740.0,2069,0,0,0,0,0,0,0,0,0,0,0,0,0,0,0,0,0,0,3414,0,0,0,0,0,0,0,0,3664,0
1575462656.0,2132,0,0,0,0,0,0,0,0,0,0,0,0,0,0,0,0,0,0,2955,0,0,0,0,0,0,0,0,3437,0
1575463534.0,2059,0,0,0,0,0,0,0,0,0,0,0,0,0,0,0,0,0,0,3470,0,0,0,0,0,0,0,0,3307,0
1575464431.0,2062,0,0,0,0,0,0,0,0,0,0,0,0,0,0,0,0,0,0,3782,0,0,0,0,0,0,0,0,3152,0
1575465331.0,1796,0,0,0,0,0,0,0,0,0,0,0,0,0,0,0,0,0,0,3711,0,0,0,0,0,0,0,0,3176,0
1575466244.0,0,0,0,0,0,0,0,0,0,0,0,0,0,0,0,0,0,0,0,4149,0,0,0,0,0,0,0,0,3096,0
1575467128.0,0,0,0,0,0,0,0,0,0,0,0,0,0,0,0,0,0,0,0,4265,0,0,0,0,0,0,0,0,3920,0
1575468028.0,0,0,0,0,0,0,0,0,0,0,0,0,0,0,0,0,0,0,0,4120,0,0,0,0,0,0,0,0,4439,0
1575468946.0,0,0,0,0,0,0,0,0,0,0,0,0,0,0,0,0,0,0,2749,3836,0,0,0,0,0,0,0,0,5173,0
1575469836.0,0,0,0,0,0,0,0,0,0,0,0,0,0,0,0,0,0,0,4260,3857,0,0,0,0,0,0,0,0,6031,0
1575470727.0,0,0,0,0,0,0,0,0,0,0,0,0,0,0,0,0,0,0,5321,4028,0,0,0,0,0,0,0,0,6734,0
1575471626.0,0,0,0,0,0,0,0,0,0,0,0,0,0,321,0,0,0,0,5598,4337,0,0,0,0,0,0,0,0,7010,0
1575472533.0,0,0,0,0,0,0,0,0,0,0,0,0,0,700,0,0,0,0,5152,4364,0,0,0,0,0,0,0,0,7122,0
1575473429.0,0,0,0,0,0,0,0,0,0,0,0,0,0,1001,0,0,0,0,5175,4399,0,0,0,0,0,0,0,0,7526,0
1575474324.0,0,0,0,0,0,0,0,0,0,0,0,0,0,1080,0,0,0,0,4946,4705,0,0,0,0,0,0,0,0,9350,0
1575475232.0,0,0,0,0,0,0,550,0,0,0,0,0,0,1122,0,0,0,0,4757,4533,0,0,0,0,0,0,0,0,11607,0
1575476129.0,0,0,0,0,0,0,2999,0,0,0,0,0,0,1127,0,0,0,537,4605,4514,0,0,0,0,0,0,0,0,12661,0
1575477025.0,0,242,0,0,1577,0,3346,0,0,0,0,0,0,1147,0,0,0,909,4166,4786,0,0,0,0,0,0,0,0,13174,0
1575477927.0,0,1190,0,0,2698,0,4500,0,0,0,0,0,0,0,0,0,0,1160,4091,4673,0,0,0,0,0,0,0,0,13146,0
1575478826.0,0,1649,0,0,3211,0,5712,0,0,0,0,0,0,0,0,0,0,1351,3984,5092,0,0,0,0,0,0,0,0,12575,0
1575479727.0,0,2010,0,0,3997,0,6223,0,0,0,0,0,0,0,1823,0,0,1490,4005,4802,2499,0,0,0,0,0,0,0,12689,0
1575480623.0,0,2263,0,0,4447,0,6734,0,0,0,0,0,0,0,4154,0,0,1691,3780,5415,19886,0,0,0,0,0,0,0,4760,0
1575481522.0,0,2350,0,0,5360,0,6452,0,6097,0,0,0,0,0,4535,0,0,1730,3611,4941,23042,0,0,0,0,0,0,0,4088,0
1575482426.0,0,2304,0,0,6111,0,6449,0,13829,206,0,0,0,0,4535,0,0,1696,3302,4943,23396,148,0,0,0,0,0,0,3724,0
1575483325.0,0,2384,0,0,5419,0,2946,0,18040,516,0,0,0,0,5324,0,0,1767,3366,4655,27538,1111,0,0,0,0,0,0,3426,0
1575484223.0,0,2421,0,0,4782,0,0,669,19325,664,0,0,0,0,5683,0,0,1729,3375,4833,27716,1586,0,0,0,0,0,0,3258,0
1575485125.0,0,2422,1367,0,3383,0,0,1588,19644,769,0,0,1656,0,6126,0,0,1782,3452,5078,26540,1491,0,0,0,1972,0,0,3071,0
1575486025.0,0,2358,1674,0,2551,0,0,1983,19128,850,0,0,2209,0,6079,0,0,1794,3370,3781,24456,1480,0,0,0,4624,0,0,2833,0
1575486923.0,0,2547,1956,0,2352,0,0,2323,19995,903,0,0,2814,0,5087,0,0,1730,3146,3279,23125,1484,0,0,0,5772,0,0,2452,0
1575487824.0,0,2508,2043,0,2138,0,0,2295,21578,913,0,0,3250,0,4643,0,0,1686,3014,3595,20787,1506,0,0,0,6077,0,0,1986,2290
1575488724.0,0,2258,2056,0,2105,0,0,2245,22770,929,0,0,3574,0,5071,0,0,1471,2898,3422,19777,1490,0,0,0,6011,0,0,3012,4227
1575489625.0,0,2067,1988,0,2143,0,0,2189,21533,999,0,0,3484,0,4890,0,0,1484,2851,3320,19509,1460,0,0,0,6087,0,0,3333,5432
1575490524.0,0,1973,1951,0,2083,0,0,1553,21043,990,0,0,3801,0,4877,0,0,1366,2521,3555,20239,754,0,0,0,6411,0,0,3095,5902
1575491424.0,0,1937,2170,0,2102,0,0,1569,19502,1052,0,0,3338,0,5001,0,0,1418,2707,3145,17458,0,0,0,0,6559,0,0,2978,6592
1575492323.0,0,1880,2159,0,1835,0,0,1665,19421,1023,0,0,3247,0,5171,0,0,1399,2518,3314,17143,0,0,0,0,6069,0,0,2569,5271
1575493225.0,0,1777,2213,0,1762,0,0,1664,20715,908,0,0,3042,0,4911,0,0,1419,2562,2671,15201,0,0,0,0,6103,0,0,1293,6352
1575494123.0,0,1742,2298,0,1491,0,0,1649,20668,925,0,0,3077,0,5707,0,0,1308,2348,2110,13356,0,0,0,0,5865,0,0,0,6255
1575495023.0,0,1605,2280,0,0,0,0,1558,14962,892,0,0,2886,0,6174,0,0,1246,2212,2095,13599,0,0,0,0,5793,0,0,0,6425
1575495924.0,0,1127,1752,0,0,0,0,1591,12712,854,0,0,2876,0,6007,0,0,1243,2160,2071,12977,0,0,0,0,5355,0,0,0,6759
1575496823.0,0,0,2338,0,0,0,0,1721,5252,847,0,0,2893,0,6670,0,0,1319,2456,1925,6763,0,0,0,0,5611,0,0,0,5359
1575497724.0,0,0,2096,0,0,0,0,1601,0,843,0,0,2717,0,8133,0,0,1232,2365,1995,0,0,0,0,0,4938,0,0,0,5660
1575498623.0,0,0,1946,0,0,0,0,1547,0,810,0,0,2432,0,7950,0,0,0,2184,2004,0,0,0,0,0,4597,0,0,0,5970
1575499523.0,0,0,0,0,0,0,0,1503,0,807,0,0,2286,0,7544,0,0,0,2282,1968,0,0,0,0,0,4400,0,0,0,5702
1575500423.0,0,0,0,0,0,0,0,1485,0,0,0,0,1984,0,7196,0,0,0,2351,2108,0,0,0,0,0,4218,0,0,0,5663
1575501324.0,0,0,0,0,0,0,0,1404,0,0,0,0,1857,0,7219,0,0,0,2140,2078,0,0,0,0,0,4091,0,0,0,5248
1575502224.0,0,0,0,0,0,0,0,0,0,0,0,0,1737,0,6886,0,0,0,2107,1699,0,0,0,0,0,3913,0,0,0,5227
1575503122.0,0,0,0,0,0,0,0,0,1239,0,0,0,1739,0,7085,0,0,0,2041,1559,0,0,0,0,0,3913,0,0,0,5352
1575504068.0,0,0,0,0,0,0,0,0,2638,0,0,0,0,0,0,0,0,0,2418,1538,0,0,0,0,0,0,0,0,0,0
1575504923.0,0,0,0,0,0,0,0,0,2864,0,0,0,0,0,0,0,0,0,2516,1567,0,0,0,0,0,0,0,0,0,0
1575505823.0,0,0,0,0,0,0,0,0,3112,0,0,0,0,0,0,0,0,0,2398,1369,0,0,0,0,0,0,0,0,0,0
1575506723.0,0,0,0,0,0,0,0,0,3168,0,0,0,0,0,0,0,0,0,2281,1306,0,0,0,0,0,0,0,0,0,0
1575507624.0,0,0,0,0,0,0,0,0,3102,0,0,0,0,0,0,0,0,0,2129,1245,0,0,0,0,0,0,0,0,0,0
1575508524.0,0,0,0,0,0,0,0,0,3268,0,0,0,0,0,0,0,0,0,1935,1269,0,0,0,0,0,0,0,0,0,0
1575509422.0,0,0,0,0,0,0,0,0,3302,0,0,0,0,0,0,0,0,0,1712,1124,0,0,0,0,0,0,0,0,0,0
1575510322.0,0,0,0,0,0,0,0,0,3292,0,0,0,0,0,0,0,0,0,1694,1175,0,0,0,0,0,0,0,0,0,0
1575511223.0,0,0,0,0,0,0,0,0,3358,0,0,0,0,0,0,0,0,0,0,1190,0,0,0,0,0,0,0,0,0,0
1575512123.0,0,0,0,0,0,0,0,0,3290,0,0,0,0,0,0,0,0,0,0,1225,0,0,0,0,0,0,0,0,0,0
1575513023.0,0,0,0,0,0,0,0,0,3293,0,0,0,0,0,0,0,0,0,0,1196,0,0,0,0,0,0,0,0,0,0
1575513923.0,0,0,0,0,0,0,0,0,3165,0,0,0,0,0,0,0,0,0,0,1199,0,0,0,0,0,0,0,0,0,0
1575514822.0,0,0,0,0,0,0,0,0,3136,0,0,0,0,0,0,0,0,0,0,1171,0,0,0,0,0,0,0,0,0,0
1575515723.0,0,0,0,0,0,0,0,0,3100,0,0,0,0,0,0,0,0,0,0,1158,0,0,0,0,0,0,0,0,0,0
1575516623.0,0,0,0,0,0,0,0,0,3229,0,0,0,0,0,0,0,0,0,0,1089,0,0,0,0,0,0,0,0,0,0
1575517523.0,0,0,0,0,0,0,0,0,3323,0,0,0,0,0,0,0,0,0,0,1112,0,0,0,0,0,0,0,0,0,0
1575518423.0,0,0,0,0,0,0,0,0,3299,0,0,0,0,0,0,0,0,0,0,1135,0,0,36,0,0,0,0,0,437,0
1575519323.0,0,0,0,0,0,0,0,0,3468,0,0,0,0,0,0,0,0,0,0,1165,0,0,229,0,0,0,0,0,864,0
1575520222.0,0,0,0,0,0,0,0,0,3526,0,0,0,0,0,0,0,0,0,0,1253,0,0,315,0,0,0,0,0,1127,0
1575521123.0,0,0,0,0,0,0,0,0,3409,0,0,0,0,0,0,0,0,0,0,1158,0,0,348,0,0,0,0,0,1243,0
1575522023.0,0,0,0,0,0,0,0,0,3377,0,0,0,0,0,0,0,0,0,0,1236,0,0,401,0,0,0,0,0,1282,0
1575522925.0,0,0,0,0,0,0,0,0,3291,0,0,0,0,0,0,0,0,0,0,1248,0,0,427,0,0,0,0,0,1403,0
1575523824.0,0,0,0,0,0,0,0,0,3612,0,0,0,0,0,0,0,0,0,0,1211,0,0,479,0,0,0,0,0,1465,0
1575524725.0,0,0,0,0,0,0,0,0,3549,0,0,0,0,0,0,0,0,0,0,1330,0,0,539,0,0,0,0,0,1608,0
1575525629.0,0,0,0,0,0,0,0,0,3410,0,0,0,0,0,0,0,0,0,0,1313,0,0,561,0,0,0,0,0,1666,0
1575526524.0,0,0,0,0,0,0,0,0,3862,0,443,0,0,0,0,0,0,0,0,1432,0,0,576,0,0,0,0,0,1073,0
1575527430.0,0,0,0,0,0,0,0,0,4202,0,987,0,0,0,0,0,0,0,0,1710,0,0,604,0,0,0,0,0,1018,0
1575528327.0,443,0,0,0,0,0,0,0,3960,0,1291,0,0,0,0,0,0,0,0,1797,0,0,680,0,0,0,0,0,1086,0
1575529234.0,666,0,0,0,0,0,0,0,4171,0,1391,0,0,0,0,0,0,0,0,2041,0,0,718,0,0,0,0,0,1092,0
1575530124.0,828,0,0,0,0,0,0,0,4460,0,1468,0,0,0,0,0,0,0,0,2219,0,0,772,0,0,0,0,0,1211,0
1575531039.0,931,0,0,0,0,0,0,0,4469,0,1602,0,0,0,0,0,0,0,0,2420,0,0,839,0,0,0,0,0,1336,0
1575531927.0,1025,0,0,288,0,0,0,0,4525,0,1643,0,0,0,0,0,0,0,0,2400,0,0,886,0,0,0,0,0,1427,0
1575532843.0,1060,0,0,428,0,0,0,0,4537,0,1708,0,0,0,0,0,0,0,0,2561,0,0,882,0,0,0,0,0,1599,0
1575533740.0,1117,0,0,444,0,0,0,0,4757,0,1687,0,0,0,0,0,0,0,0,2565,0,0,923,0,0,0,0,0,2382,0
1575534635.0,1210,0,0,455,0,0,0,0,4956,0,1612,0,0,0,0,0,0,0,0,2326,0,0,946,0,0,0,0,0,2809,0
1575535530.0,1267,0,0,556,0,0,0,0,4888,0,1777,0,0,0,0,0,0,0,0,2328,0,0,985,0,0,0,0,0,3111,0
1575536425.0,1416,0,0,572,0,0,0,0,0,0,1804,0,0,0,0,0,0,0,0,2300,0,0,0,0,0,0,0,0,3705,0
1575537341.0,1462,0,0,596,0,0,0,0,0,0,1955,0,0,0,0,0,0,0,0,2403,0,0,0,0,0,0,0,0,3945,0
1575538235.0,1469,0,0,633,0,0,0,0,0,0,2000,0,0,0,0,0,0,0,0,3774,0,0,0,0,0,0,0,0,4107,0
1575539135.0,1543,0,0,636,0,0,0,0,0,0,2082,0,0,0,0,0,0,0,0,4691,0,0,0,0,0,0,0,0,4317,0
1575540029.0,1529,0,0,645,0,745,2075,0,0,0,2113,0,0,0,0,0,0,0,0,4785,0,0,0,0,0,0,0,0,4634,0
1575540925.0,1493,0,0,646,0,1051,3269,0,0,0,0,0,0,0,0,0,0,0,0,5270,0,0,0,0,0,0,0,0,5785,0
1575541832.0,1581,0,0,651,0,1406,3872,0,0,0,0,0,0,0,0,0,0,0,0,5013,0,0,0,0,0,0,0,0,6232,0
1575542727.0,1652,0,0,663,0,1495,4195,0,0,0,0,0,0,0,0,0,0,0,0,4886,0,0,0,0,0,0,0,0,6731,0
1575543628.0,1743,0,0,652,0,1469,4495,0,0,0,0,0,0,0,0,0,0,0,0,4948,0,0,0,0,0,0,0,0,6880,0
1575544537.0,1968,0,0,754,1991,1672,4796,0,0,0,0,0,0,0,0,0,0,0,0,4897,0,0,0,0,0,0,0,0,7051,0
1575545428.0,0,0,0,736,2784,1779,4851,0,0,0,0,0,0,0,0,0,0,0,0,5000,0,0,0,0,0,0,0,0,6236,0
1575546326.0,0,0,0,735,3120,1652,4756,0,0,0,0,0,0,0,0,0,0,0,0,4586,0,0,0,0,0,0,0,0,6919,0
1575547238.0,0,0,0,826,3424,1684,4745,0,0,0,0,0,0,0,0,0,0,0,0,4705,0,0,0,0,0,0,0,0,7470,0
1575548129.0,0,0,0,898,3292,1744,4823,0,0,0,0,0,0,0,0,0,0,0,0,4840,0,0,0,0,0,0,0,0,7815,0
1575549038.0,0,0,0,977,3154,1909,5016,0,0,0,0,0,0,0,0,0,0,0,0,4915,0,0,0,0,0,0,0,0,8079,0
1575549936.0,0,0,0,990,3582,2076,4821,0,0,0,0,0,0,0,0,0,0,0,0,3659,0,0,0,0,0,0,0,0,8462,0
1575550833.0,0,0,0,1023,3469,1955,4891,0,0,0,0,0,0,0,0,0,0,0,0,3329,0,0,0,0,0,0,0,0,8587,0
1575551726.0,0,0,0,993,3340,2077,5119,0,0,0,0,0,0,0,0,366,0,0,0,3410,0,0,0,0,0,0,0,0,8676,0
1575552629.0,0,0,0,1101,3474,2001,5170,0,0,0,0,0,0,0,0,982,0,0,0,3457,0,0,0,0,0,0,0,0,8934,0
1575553534.0,0,0,0,1147,2972,2102,5123,0,0,0,0,0,0,0,0,1322,0,0,0,3547,0,0,0,0,0,0,0,0,5832,0
1575554425.0,0,0,0,975,3309,2121,5452,0,0,0,0,0,0,0,0,1462,0,0,0,3599,0,0,0,0,0,0,0,0,5521,0
1575555333.0,0,0,0,0,0,2100,5731,0,0,0,0,0,0,0,0,1577,0,0,0,3529,0,0,0,0,0,0,0,0,5375,0
1575556229.0,0,0,0,0,0,2173,5632,0,0,0,0,0,0,0,0,1646,0,0,0,3543,0,0,0,0,0,0,0,0,5234,0
1575557126.0,0,0,0,0,0,2048,5771,0,0,0,0,0,0,0,0,1752,0,0,0,3667,0,0,0,0,0,0,0,0,5144,0
1575558026.0,0,0,0,0,0,1597,5930,0,0,0,0,0,0,0,0,1882,0,0,0,3791,0,0,0,0,0,0,0,0,5097,0
1575558929.0,0,0,0,0,0,0,5886,0,0,0,0,0,0,0,0,1899,0,0,0,3535,0,0,0,0,0,0,0,0,5239,0
1575559824.0,0,0,0,0,0,0,5471,0,0,0,0,0,0,0,0,1968,0,0,0,4522,0,0,0,0,0,0,0,0,5538,0
1575560725.0,0,0,0,0,0,0,5455,0,0,0,0,0,0,0,0,1871,0,0,0,4810,0,0,0,0,0,0,0,0,8041,0
1575561628.0,0,0,0,0,0,0,4969,0,0,0,0,0,1937,0,0,1718,0,0,0,4510,0,0,0,0,0,0,0,0,9426,0
1575562526.0,0,0,0,0,0,0,0,0,0,0,0,0,3266,0,0,1884,0,0,0,5064,0,0,0,0,0,0,0,0,10455,0
1575563426.0,0,0,0,0,0,0,0,0,0,0,0,0,3565,0,0,1960,0,0,0,5229,0,0,0,0,0,0,0,0,9992,0
1575564325.0,0,0,0,0,0,0,0,0,0,0,0,0,3757,0,0,1928,0,0,0,5165,0,0,0,0,0,0,0,0,10100,0
1575565228.0,0,0,0,0,0,0,0,0,0,0,0,0,4336,0,0,1995,0,0,0,5842,0,0,0,0,0,0,0,0,10052,0
1575566123.0,0,0,0,0,0,0,0,0,0,0,0,0,4649,0,0,1408,0,0,0,5841,0,0,0,0,0,0,0,0,9642,0
1575567026.0,0,0,0,0,0,0,0,0,0,0,0,0,4531,0,1949,0,0,0,0,4949,0,0,0,0,0,0,0,0,5876,0
1575567926.0,0,0,0,0,0,0,0,0,0,0,0,0,4426,0,4304,0,0,0,0,5406,0,0,0,0,0,0,0,0,3829,0
1575568824.0,0,0,0,0,0,0,0,0,0,0,1299,0,4230,0,6304,0,0,0,120,5437,0,0,0,0,0,0,0,0,3394,0
1575569723.0,0,0,0,0,0,0,0,0,0,0,1761,0,4546,0,6466,0,0,0,2223,5748,0,664,0,0,0,0,0,0,2913,0
1575570625.0,0,0,0,0,0,0,0,0,0,0,1921,0,0,0,7013,0,0,0,2366,5558,0,1088,0,0,178,0,0,0,2679,0
1575571525.0,0,0,0,0,0,0,0,0,0,0,1726,0,0,0,7804,0,0,0,3031,5417,0,1304,0,0,725,0,0,0,2549,0
1575572424.0,0,0,0,0,0,0,0,0,0,0,1989,0,0,0,7972,0,0,0,3288,5357,0,1303,0,0,896,0,0,0,2423,0
1575573324.0,0,0,0,0,0,0,0,0,0,0,2275,0,0,0,8655,0,0,0,3483,5555,0,1266,0,0,931,0,0,0,2303,0
1575574224.0,0,0,0,0,0,0,0,0,0,0,2552,0,290,0,9081,0,0,0,3261,4494,0,1318,0,0,1279,0,0,0,2218,0
1575575124.0,0,0,0,0,0,0,0,0,0,0,2627,0,1904,0,8474,0,0,0,3217,3140,0,1232,0,0,1271,0,0,0,2079,0
1575576024.0,0,0,0,0,0,0,0,0,0,0,1960,0,2259,0,7503,0,0,0,3073,2905,0,693,0,0,1439,0,0,0,1981,0
1575576924.0,0,0,0,0,0,0,0,0,0,0,1999,0,2427,0,7756,0,0,0,3221,2885,0,0,0,0,1376,0,0,0,1968,0
1575577823.0,0,0,0,0,0,0,0,0,0,0,1979,0,2687,0,7949,0,0,0,3176,2953,0,0,0,0,1325,0,0,0,1854,0
1575578724.0,0,0,0,0,0,0,0,0,0,0,2470,0,2644,0,8946,0,0,0,3524,2515,0,0,0,0,1925,0,0,0,0,0
1575579623.0,0,0,0,0,0,0,0,0,0,0,1693,0,2775,0,7333,0,0,0,3329,2304,0,0,0,0,1987,0,0,0,0,0
1575580525.0,0,0,0,0,0,0,0,0,0,0,1461,0,2597,0,7528,0,0,0,3432,2309,0,0,0,0,1914,0,0,0,0,0
1575581425.0,0,0,0,0,0,0,0,0,0,0,1578,0,2068,0,7947,0,0,0,3245,2263,0,0,0,0,1841,0,0,0,0,0
1575582325.0,0,0,0,0,0,0,0,0,0,0,1652,0,1744,0,7920,0,0,0,3157,2551,0,0,0,0,1870,0,0,0,0,0
1575583226.0,0,0,0,0,0,0,0,0,0,0,1811,0,0,0,8256,0,0,0,2910,2272,0,0,0,0,1835,0,0,0,0,0
1575584123.0,0,0,0,0,0,0,0,0,0,0,1433,0,0,0,5306,0,0,0,2897,2220,0,0,0,0,1893,0,0,0,0,0
1575585023.0,0,0,0,0,0,0,0,0,0,0,0,0,0,0,0,0,0,0,3060,1983,0,0,0,0,1789,0,0,0,0,0
1575585925.0,0,0,0,0,0,0,0,0,0,0,0,0,0,0,0,0,0,0,2867,2271,0,0,0,0,1866,0,0,0,0,0
1575586824.0,0,0,0,0,0,0,0,0,0,0,0,0,0,0,0,0,0,0,2643,2297,0,0,0,0,1719,1004,0,0,0,0
1575587723.0,0,0,0,0,0,0,0,0,0,0,0,0,0,0,0,0,0,0,2428,2056,0,0,0,0,1685,1912,0,0,0,0
1575588624.0,0,0,0,0,0,0,0,0,0,0,0,0,0,0,0,0,0,0,1818,2654,0,0,0,0,1647,2365,0,0,0,0
1575589524.0,0,0,0,0,0,0,0,0,0,0,0,0,0,0,0,0,0,0,0,2748,0,0,0,0,1599,2584,0,0,0,0
1575590424.0,0,0,0,0,0,0,0,0,0,0,0,0,0,0,0,0,0,0,0,2575,0,0,0,0,1570,2802,0,0,0,0
1575591324.0,0,0,0,0,0,0,0,0,0,0,0,0,0,0,0,0,0,0,0,2368,0,0,0,0,1484,2898,0,0,0,0
1575592223.0,0,0,0,0,0,0,0,0,0,0,0,0,0,0,0,0,0,0,0,1959,0,0,0,0,979,2898,0,0,0,0
1575593124.0,0,0,0,0,0,0,0,0,0,0,0,0,0,0,0,0,0,0,0,1932,0,0,0,0,0,2409,0,0,0,0
1575594023.0,0,0,0,0,0,0,0,0,0,0,0,0,0,0,0,0,0,0,0,1829,0,0,0,0,0,0,0,0,0,0
1575594922.0,0,0,0,0,0,0,0,0,0,0,0,0,0,0,0,0,0,0,0,1733,0,0,0,0,0,0,0,0,0,0
1575595824.0,0,0,0,0,0,0,0,0,0,0,0,0,0,0,0,0,0,0,0,1648,0,0,0,0,0,0,0,0,0,0
1575596724.0,0,0,0,0,0,0,0,0,0,0,0,0,0,0,0,0,0,0,0,1577,0,0,0,0,0,0,0,0,0,0
1575597623.0,0,0,0,0,0,0,0,0,0,0,0,0,0,0,0,0,0,0,0,1539,0,0,0,0,0,0,0,0,0,0
1575598523.0,0,0,0,0,0,0,0,0,0,0,0,0,0,0,0,0,0,0,0,1455,0,0,0,0,0,0,0,0,0,0
1575599423.0,0,0,0,0,0,0,0,0,0,0,0,0,0,0,0,0,0,0,0,0,0,0,0,0,0,0,0,0,0,0
1575600324.0,0,0,0,0,0,0,0,0,0,0,0,0,0,0,0,0,0,0,0,0,0,0,0,0,0,0,0,0,0,0
1575601224.0,0,0,0,0,0,0,0,0,0,0,0,0,0,0,0,0,0,0,0,0,0,0,0,0,0,0,0,0,0,0
1575602123.0,0,0,0,0,0,0,0,0,0,0,0,0,0,0,0,0,0,0,0,0,0,0,0,0,0,0,0,0,0,0
1575603024.0,0,0,0,0,0,0,0,0,0,0,0,0,0,0,0,0,0,0,0,0,0,0,0,0,0,0,0,0,0,0
1575603923.0,0,0,0,0,0,0,0,0,0,0,0,0,0,0,0,0,0,0,0,0,0,0,0,0,0,0,0,0,0,0
1575604824.0,0,0,0,0,0,0,0,0,0,0,0,0,0,0,0,0,0,0,0,0,0,0,35,0,0,0,0,0,0,0
1575605724.0,0,0,0,0,0,0,0,0,0,0,0,0,0,0,0,0,0,0,0,0,0,0,222,0,0,0,0,0,0,0
1575606625.0,0,0,0,0,0,0,0,0,0,0,0,0,0,0,0,0,0,0,0,0,0,0,383,0,0,0,0,0,0,0
1575607524.0,0,0,0,0,0,0,0,0,0,0,0,0,0,0,0,0,0,0,0,0,0,0,493,0,0,0,0,0,0,0
1575608424.0,0,0,0,0,0,0,0,0,0,0,0,0,0,0,0,0,0,0,0,0,0,0,583,0,0,0,0,0,0,0
1575609324.0,0,0,0,0,0,191,0,0,0,0,0,0,0,0,0,0,147,0,0,0,0,0,682,0,0,0,0,0,0,0
1575610226.0,0,0,0,0,0,461,0,0,0,0,0,0,0,0,0,0,416,0,0,0,0,0,757,0,0,0,0,0,0,0
1575611126.0,0,0,0,0,0,661,0,0,0,0,0,0,0,0,0,0,573,0,0,0,0,0,865,0,0,0,0,0,0,0
1575612026.0,0,0,0,0,0,0,0,0,0,0,0,0,0,0,0,0,732,0,0,0,0,0,989,0,0,0,0,0,0,0
1575612932.0,0,0,0,0,0,0,0,0,0,0,0,0,0,0,0,0,852,0,0,358,0,0,1080,0,0,0,0,0,0,0
1575613835.0,0,0,0,0,0,0,0,0,0,0,0,0,0,0,0,0,1085,0,0,998,0,0,1140,0,0,0,0,0,0,0
1575614727.0,0,0,0,0,0,0,0,0,0,0,0,0,0,0,0,0,1152,0,0,1044,0,0,1263,0,0,0,0,0,0,0
1575615645.0,0,0,0,0,0,0,0,0,0,0,0,0,0,0,0,0,1267,0,0,1492,0,0,1318,0,0,0,0,0,0,0
1575616537.0,0,0,0,0,0,0,0,0,0,0,0,0,0,0,0,0,1313,0,0,1682,0,0,1337,0,0,0,0,0,458,0
1575617437.0,0,0,0,0,0,0,0,0,0,0,0,0,0,0,0,0,1339,0,0,2069,0,0,1327,0,0,0,0,0,537,0
1575618333.0,0,0,0,0,0,0,0,0,0,0,0,0,0,0,0,0,1364,0,0,2168,0,0,1413,0,0,0,0,0,673,0
1575619236.0,0,0,0,0,0,0,0,0,0,0,0,0,0,0,0,0,1418,0,0,2551,0,0,1408,0,0,0,0,0,751,0
1575620134.0,0,0,0,0,0,0,0,0,0,0,0,0,0,0,0,0,1504,0,0,2842,0,0,1481,0,0,0,0,0,932,0
1575621033.0,0,0,0,0,0,0,0,0,2340,0,0,0,0,0,0,0,1497,0,0,2811,0,0,1505,0,0,0,0,0,1088,0
1575621943.0,0,0,0,0,0,0,0,0,4175,0,0,0,0,0,0,0,1384,0,0,2885,0,0,1490,0,0,0,0,0,1359,0
1575622842.0,0,0,0,0,0,0,0,0,4748,0,0,0,0,0,0,0,1212,0,0,3074,0,0,0,0,0,0,0,0,2594,0
1575623734.0,0,0,0,0,0,0,0,0,4941,0,0,0,0,0,0,0,1259,0,0,3626,0,0,0,0,0,0,0,0,3435,0
1575624651.0,0,0,0,0,0,0,0,0,5641,0,0,0,0,0,0,0,1239,0,0,3951,0,0,0,0,0,0,0,0,4303,0
1575625563.0,0,0,0,0,0,0,0,0,5499,0,0,0,0,0,0,0,1183,0,0,3725,0,0,0,0,0,0,0,0,4918,0
1575626443.0,0,0,0,0,0,0,0,0,5882,0,0,0,0,0,0,0,1171,0,0,3437,0,0,0,0,0,0,0,0,5373,0
1575627331.0,0,0,0,0,0,0,0,0,5783,0,0,0,0,0,0,0,1243,0,0,3449,0,0,0,0,0,0,0,0,5684,0
1575628242.0,0,0,0,0,0,0,0,0,6511,0,0,0,0,0,0,0,1587,0,0,5128,0,0,0,0,0,0,0,0,5976,0
1575629130.0,0,0,0,0,0,0,0,0,6712,0,0,0,0,0,0,0,1395,0,0,5673,0,0,0,0,0,0,0,0,5487,0
1575630051.0,0,0,0,0,0,0,0,0,7160,0,0,0,0,0,0,0,1366,0,0,6208,0,0,0,0,0,0,0,0,3891,0
1575630939.0,0,0,0,0,0,0,0,0,6828,0,0,0,0,0,0,0,1186,0,0,6610,0,0,0,0,0,0,0,0,3803,0
1575631857.0,0,0,0,0,0,0,0,0,6657,0,0,0,0,0,0,0,1129,0,0,6078,0,0,0,0,0,0,0,0,3827,0
1575632733.0,0,0,0,0,0,0,0,0,7006,0,0,0,0,0,0,0,1342,0,0,6809,0,0,0,0,0,0,0,0,3744,0
1575633638.0,0,0,0,0,0,0,0,0,7278,0,0,0,0,0,0,0,1434,0,0,6248,0,0,0,0,0,0,0,0,3516,0
1575634533.0,0,0,0,0,0,0,0,0,7577,0,0,0,0,0,0,0,1253,0,0,6329,0,0,0,0,0,0,0,0,3447,0
1575635477.0,0,0,0,0,0,0,0,0,7620,0,0,0,0,0,0,0,879,0,0,6521,0,0,0,0,0,0,0,0,3587,0
1575636341.0,0,0,0,0,0,0,0,0,7881,0,0,0,0,0,0,0,771,0,0,6953,0,0,0,0,0,0,0,0,3733,0
1575637246.0,0,0,431,0,0,0,0,0,6161,0,806,0,0,0,0,768,744,0,0,6478,0,0,0,0,0,3126,442,0,2442,786
1575638147.0,0,812,1597,0,0,0,0,0,5462,0,1776,0,0,0,0,1307,640,0,0,5942,0,0,0,0,0,12823,747,0,2110,5222
1575639037.0,0,989,1526,0,0,163,0,0,5306,0,1833,0,0,0,0,1282,551,0,0,5087,0,0,0,0,0,19449,582,0,2012,6693
1575639934.0,0,1680,1617,0,0,638,0,0,3084,0,2630,0,0,0,0,1435,579,0,0,4949,0,0,0,0,0,19844,699,0,1919,9344
1575640856.0,0,1636,1757,0,0,714,0,0,3272,0,2646,0,0,0,0,2170,0,0,0,5238,0,0,0,0,0,17911,817,0,1801,11310
1575641730.0,0,1844,1728,0,0,669,0,0,3800,0,2541,0,0,0,0,1842,0,0,0,5297,0,0,0,0,0,17355,778,0,1742,11469
1575642635.0,0,1845,1511,0,0,775,0,0,3717,0,2485,0,0,0,0,2262,0,0,0,4294,0,0,0,0,0,18029,815,0,1757,11334
1575643537.0,0,1808,1564,0,0,797,0,0,4131,0,2723,0,0,0,0,2195,0,0,0,4057,0,0,0,0,0,17005,942,0,1749,13322
1575644433.0,0,1700,2052,0,0,708,0,0,4376,0,2721,0,0,0,0,2003,0,0,0,3846,0,0,0,0,0,15679,971,0,1844,12156
1575645326.0,0,1594,2473,0,0,805,0,0,4287,0,2776,0,0,0,0,2198,0,0,0,3852,0,0,0,0,0,15811,860,0,1812,11910
1575646224.0,0,1772,3093,0,0,838,0,0,4652,0,2923,0,0,0,0,2272,0,0,0,3870,0,0,0,0,0,16534,1003,0,2153,6619
1575647126.0,0,1777,3274,0,0,862,0,0,4628,0,3025,0,0,0,0,1628,0,0,0,3515,0,0,0,0,0,16755,953,0,2546,8925
1575648025.0,0,1868,3410,0,0,1018,0,0,4994,0,2802,0,0,0,0,1775,0,0,1640,3204,0,0,0,0,0,16649,877,0,2565,9394
1575648926.0,0,1807,2917,0,0,1039,0,0,5507,0,3324,0,0,0,0,1630,0,0,1700,3313,0,0,0,0,0,17648,794,0,2733,9442
1575649827.0,0,1300,2371,0,0,1043,0,0,5900,0,3959,0,0,0,0,1764,0,0,1984,3535,0,0,0,0,0,17077,776,0,2634,9610
1575650732.0,0,1335,2392,0,807,0,0,0,6868,0,3787,0,0,0,0,1556,0,0,1896,3274,0,0,0,0,0,19298,776,0,2378,8859
1575651626.0,0,1348,2448,0,1948,0,0,0,7250,0,3977,0,0,0,0,1452,0,0,1948,3485,0,0,0,0,0,22325,561,0,1754,8433
1575652525.0,0,1123,3132,0,3111,0,0,0,6837,0,4177,0,0,0,0,1798,0,0,2161,3220,0,0,0,0,0,23446,541,1029,1563,6803
1575653425.0,0,1087,3725,0,2915,0,0,0,7250,0,3909,0,0,0,0,1909,0,0,2116,3088,0,0,0,0,0,24327,552,2564,1513,6219
1575654323.0,0,1154,3898,0,3018,0,0,0,7352,0,3928,0,0,0,0,1975,0,0,2278,3078,0,0,0,0,0,25514,579,787,1563,5917
1575655225.0,0,1506,3777,0,2862,0,0,0,7231,0,3839,0,0,0,0,2048,0,0,2143,2503,0,0,0,0,0,23047,866,2768,1431,9027
1575656125.0,0,1737,2001,0,3156,0,0,0,7644,0,3767,0,0,0,0,1642,0,0,2424,2313,0,0,0,0,0,21577,1076,3083,1434,11757
1575657023.0,0,1868,1349,0,3244,0,0,0,7249,0,4058,0,0,0,0,834,0,0,2374,2300,0,0,0,0,0,16560,1348,3290,1406,14868
1575657924.0,0,1949,1151,0,3286,0,0,0,5830,94,3890,0,0,0,0,743,0,0,2156,2228,0,0,0,0,0,17397,1396,3493,1278,12298
1575658825.0,0,1756,1163,0,3387,0,0,0,5510,319,3457,0,0,0,0,678,0,0,2268,2486,0,0,0,0,0,19682,1328,3345,1263,12121
1575659724.0,0,1746,1459,0,3340,0,0,0,3938,479,3532,0,0,0,0,1072,0,0,2246,2527,0,0,0,0,0,19330,1358,3486,1264,11828
1575660625.0,0,1686,2794,0,2785,0,0,0,5009,564,3331,0,0,0,0,1427,0,0,2167,2490,0,0,0,0,0,18690,1452,3577,1182,11967
1575661523.0,0,1498,3558,0,2241,0,0,0,5321,636,3174,0,0,0,0,1980,0,0,2083,2476,0,0,0,0,0,20810,898,3639,1091,10744
1575662426.0,0,1655,3633,0,1937,0,0,0,5941,624,3344,0,0,0,0,2206,0,0,2271,2354,0,0,0,0,0,23042,830,3613,1080,9494
1575663324.0,0,1790,3658,0,1778,0,0,0,6001,768,3164,0,0,0,0,2015,0,0,2134,2480,0,0,0,0,0,24732,821,4047,1053,9579
1575664223.0,0,1651,2980,0,1702,0,0,0,6540,715,2740,0,0,0,0,1507,0,0,2048,2245,0,0,0,0,0,30059,762,3400,1153,9041
1575665124.0,0,1755,3009,0,1573,0,0,0,6399,838,2509,0,0,0,0,1490,0,0,2044,2410,0,0,0,0,0,31979,686,3238,1233,8605
1575666030.0,0,1832,4641,0,1445,0,0,0,6189,809,2394,0,0,0,0,2457,0,0,2121,2448,0,0,0,0,0,28402,775,2526,1010,7409
1575666922.0,0,1729,3288,0,1379,0,0,0,6026,788,2589,0,0,0,0,1605,0,0,2136,2249,0,0,0,0,0,29558,640,2058,977,5825
1575667826.0,0,1778,3438,0,0,0,0,0,5795,783,2345,0,0,0,0,1509,0,0,2374,2166,0,0,0,0,0,26832,789,1605,1104,4603
1575668723.0,0,1909,1938,0,0,0,0,0,4773,795,2343,0,0,0,0,1674,0,0,2474,1801,0,0,0,0,0,24916,962,1307,921,3142
1575669623.0,0,1704,1453,0,0,0,0,0,4319,793,2306,0,0,0,0,2001,0,0,2356,1908,0,0,0,0,0,25518,945,1292,782,6230
1575670525.0,0,1559,2203,0,0,0,0,0,4272,735,2000,0,0,0,0,1610,0,0,2322,1830,0,0,0,0,0,25181,619,0,714,9161
1575671423.0,0,1708,2857,0,0,0,0,0,4236,708,1918,0,0,0,0,1543,0,0,2031,1781,0,0,0,0,0,25176,693,0,724,7768
1575672323.0,0,1816,3001,0,0,0,0,0,4179,691,2073,0,0,0,0,1613,0,0,1962,1802,0,0,0,0,0,26283,603,0,663,8234
1575673223.0,0,1483,2196,0,0,0,0,0,3993,664,1725,0,0,0,0,1503,0,0,1854,1678,0,0,0,0,0,24107,496,0,0,7900
1575674125.0,0,1312,2210,0,0,0,0,0,3626,644,2255,0,0,0,0,779,0,0,1980,1671,0,0,0,0,0,23562,459,0,0,7458
1575675024.0,0,1296,2126,0,0,0,0,0,0,0,1773,0,0,0,0,614,0,0,1736,1574,0,0,0,0,0,22728,0,0,0,7566
1575675922.0,0,1255,1491,0,0,0,0,0,0,0,1346,0,0,0,0,706,0,0,3423,1549,0,0,0,0,0,25903,0,0,0,6331
1575676824.0,0,0,0,0,0,0,0,0,0,0,0,0,0,0,0,0,0,0,2859,1759,0,0,0,0,0,0,0,0,0,0
1575677723.0,0,0,0,0,0,0,0,0,0,0,0,0,0,0,0,0,0,0,2816,1629,0,0,0,0,0,0,0,0,0,0
1575678623.0,0,0,0,0,0,0,0,0,0,0,0,0,0,0,0,0,0,0,2740,1651,0,0,0,0,0,0,0,0,0,0
1575679523.0,0,0,0,0,0,0,0,0,0,0,0,0,0,0,0,0,0,0,2564,1609,0,0,0,0,0,0,0,0,0,0
1575680424.0,0,0,0,0,0,0,0,0,0,0,0,0,0,0,0,0,0,0,2321,1663,0,0,0,0,0,0,0,0,0,0
1575681324.0,0,0,0,0,0,0,0,0,0,0,0,0,0,0,0,0,0,0,2160,1593,0,0,0,0,0,0,0,0,0,0
1575682222.0,0,0,0,0,0,0,0,0,0,0,0,0,0,0,0,0,0,0,2202,1515,0,0,0,0,0,0,0,0,0,0
1575683123.0,0,0,0,0,0,0,0,0,0,0,0,0,0,0,0,0,0,0,2180,1466,0,0,0,0,0,0,0,0,0,0
1575684023.0,0,0,0,0,0,0,0,0,0,0,0,0,0,0,0,0,0,0,2032,0,0,0,0,0,0,0,0,0,0,0
1575684924.0,0,0,0,0,0,0,0,0,0,0,0,0,0,0,0,0,0,0,1931,0,0,0,0,0,0,0,0,0,0,0
1575685823.0,0,0,0,0,0,0,0,0,0,0,0,0,0,0,0,0,0,0,1807,0,0,0,0,0,0,0,0,0,0,0
1575686724.0,0,0,0,0,0,0,0,0,0,0,0,0,0,0,0,0,0,0,1808,0,0,0,0,0,0,0,0,0,0,0
1575687623.0,0,0,0,0,0,0,0,0,0,0,0,0,0,0,0,0,0,0,1662,0,0,0,0,0,0,0,0,0,0,0
1575688523.0,0,0,0,0,0,0,0,0,0,0,0,0,0,0,0,0,0,0,1627,415,0,0,0,0,0,0,0,0,0,0
1575689428.0,0,0,0,0,0,0,0,0,0,0,0,0,0,0,0,0,0,0,1615,574,0,0,0,0,0,0,0,0,0,0
1575690323.0,0,0,0,0,0,0,0,0,0,0,0,0,0,0,0,0,0,0,1564,603,0,0,0,0,0,0,0,0,0,0
1575691223.0,0,0,0,0,0,0,0,0,0,0,0,0,0,0,0,0,0,0,1560,630,0,0,0,0,0,0,0,0,0,0
1575692124.0,0,0,0,0,0,0,0,0,0,0,0,0,0,0,0,0,0,0,1510,766,0,0,162,0,0,0,0,0,0,0
1575693023.0,0,0,0,0,0,0,0,0,0,0,0,0,0,0,0,0,0,0,1526,836,0,0,284,0,0,0,0,0,0,0
1575693923.0,0,0,0,0,0,0,0,0,0,0,0,0,0,0,0,0,0,0,1457,893,0,0,361,0,0,0,0,0,0,0
1575694824.0,0,0,0,0,0,0,0,0,0,0,0,0,0,0,0,0,0,0,1510,975,0,0,443,0,0,0,0,0,0,0
1575695724.0,0,0,0,0,0,0,0,0,0,0,0,0,0,0,0,0,0,0,1528,1025,0,0,538,0,0,0,0,0,0,0
1575696623.0,0,0,0,0,0,0,0,0,0,0,0,0,0,0,0,0,0,0,1666,1321,0,0,589,0,0,0,0,0,0,0
1575697523.0,0,0,0,0,0,0,0,0,0,0,0,0,0,0,0,0,0,0,1728,1419,0,0,732,0,0,0,0,0,0,0
1575698423.0,0,0,0,0,0,0,0,0,0,0,0,0,0,0,0,0,181,0,1750,1464,0,0,802,0,0,0,0,0,0,0
1575699323.0,0,0,0,0,0,0,0,0,0,0,0,0,0,0,0,0,432,0,1813,2113,0,0,908,0,0,0,0,0,0,0
1575700223.0,0,0,0,0,0,0,0,0,0,0,0,0,0,0,0,0,585,0,1997,2180,0,0,1067,0,0,0,0,0,0,0
1575701123.0,0,0,0,0,0,0,0,0,0,0,0,0,0,0,0,0,706,0,2096,2715,0,0,1129,0,0,0,0,0,0,0
1575702023.0,0,0,0,0,0,0,0,0,0,0,0,0,0,0,0,0,784,0,2536,2796,0,0,1195,0,0,0,0,0,0,0
1575702923.0,0,0,0,0,0,0,0,0,0,0,0,0,0,0,0,0,815,0,3094,3036,0,0,1246,0,0,0,0,0,0,0
1575703824.0,0,0,0,0,0,0,0,0,0,0,0,0,0,0,0,0,870,0,3517,3430,0,0,1305,0,0,0,0,0,316,0
1575704725.0,0,0,0,0,0,0,0,0,0,0,0,0,0,0,0,0,931,0,4011,3759,0,0,1321,0,0,0,0,0,476,0
1575705623.0,0,0,0,0,0,0,0,0,0,0,0,0,0,0,0,0,1162,0,3319,3759,0,0,1387,0,0,0,0,0,605,0
1575706526.0,0,0,0,0,0,0,0,0,0,0,0,0,0,0,0,0,1295,0,3314,3987,0,0,1480,0,0,0,0,0,667,0
1575707423.0,0,0,0,0,0,0,0,0,0,0,0,0,0,0,0,0,1392,0,3198,4532,0,0,1487,0,0,0,0,0,629,0
1575708323.0,0,0,0,0,0,0,0,0,0,0,0,0,0,0,0,0,1449,0,3246,4619,0,0,1487,0,0,0,0,0,606,0
1575709225.0,0,0,0,0,0,0,0,0,0,0,0,0,0,0,0,0,1415,0,3375,4724,0,0,1530,0,0,0,0,0,812,0
1575710125.0,0,0,0,0,0,0,0,0,0,0,0,0,0,0,0,0,1528,0,3622,5650,0,0,1565,0,0,0,0,0,969,0
1575711023.0,0,0,0,0,0,0,0,0,0,0,0,0,0,0,0,0,1518,0,3671,6449,0,0,1573,0,0,0,0,0,1078,0
1575711924.0,0,0,0,0,0,0,0,0,0,0,0,0,0,0,0,0,1632,0,3675,6727,0,0,1654,0,0,0,0,0,1192,0
1575712825.0,0,0,0,0,0,0,0,0,0,0,0,0,0,0,0,0,1505,0,3666,6323,0,0,1642,0,0,0,0,0,1232,0
1575713724.0,0,0,0,0,0,0,0,0,0,0,0,0,0,0,0,0,1681,0,3591,6266,0,0,1616,0,0,0,0,0,1291,0
1575714626.0,0,0,0,0,0,0,0,0,0,0,0,0,0,0,0,0,1774,0,3811,6605,0,0,1675,0,0,0,0,0,1313,0
1575715524.0,0,0,0,0,0,0,0,0,0,0,0,0,0,0,0,0,2129,0,3807,6607,0,0,1637,0,0,0,0,0,1015,0
1575716425.0,0,0,0,0,0,0,0,0,0,0,0,0,0,0,0,0,1839,0,3773,6214,0,0,1598,0,0,0,0,0,1197,0
1575717325.0,0,0,0,0,0,0,0,0,0,0,0,0,0,0,0,0,2166,0,3678,6712,0,0,1589,0,0,0,0,0,1447,0
1575718228.0,0,0,0,0,0,0,0,0,0,0,0,0,0,0,0,0,2361,0,3723,6819,0,0,1636,0,0,0,0,0,1527,0
1575719124.0,0,0,0,0,0,0,0,0,0,0,0,0,0,0,0,0,2364,0,3947,7123,0,0,1462,0,0,0,0,0,988,0
1575720025.0,0,0,0,0,0,0,0,0,0,0,0,0,0,0,0,0,2462,0,3881,6362,0,0,0,0,0,0,0,0,913,0
1575720927.0,0,0,0,0,0,0,0,0,0,0,0,0,0,0,0,0,2105,0,3922,7035,0,0,0,0,0,0,0,0,1086,0
1575721825.0,0,0,0,0,0,0,0,0,0,0,0,0,0,0,0,0,2041,0,3979,3397,0,0,0,0,0,0,0,0,1016,0
1575722725.0,0,0,0,0,0,0,0,0,2544,0,0,0,0,0,0,0,1885,0,3714,3872,0,0,0,0,0,0,0,0,1028,0
1575723623.0,0,0,0,0,0,0,0,0,4804,0,0,0,0,0,0,0,1823,0,3807,4334,0,0,0,0,0,0,0,0,1072,0
1575724524.0,0,0,0,0,0,0,0,0,5224,0,0,0,0,0,0,0,1568,0,3610,4073,0,0,0,0,0,0,0,0,999,0
1575725423.0,0,0,0,0,0,0,0,0,5356,0,0,0,0,0,0,0,1500,0,3736,4142,0,0,0,0,0,0,0,0,1136,0
1575726325.0,0,0,0,0,0,0,0,0,5871,0,0,0,0,0,0,0,1516,0,3952,3994,0,0,0,0,0,0,0,0,1196,0
1575727226.0,0,0,0,0,0,0,0,0,6316,0,0,0,0,0,0,0,1704,0,3724,3796,0,0,0,0,0,0,0,0,1739,0
1575728125.0,0,0,0,0,0,0,0,0,7245,0,0,0,0,0,0,0,888,0,3753,3900,0,0,0,0,0,0,0,0,2009,0
1575729024.0,0,0,0,0,0,0,0,0,7309,0,0,0,0,0,0,0,835,0,3697,3650,0,0,0,0,0,0,0,0,2404,0
1575729924.0,0,0,0,0,0,0,0,0,7632,0,0,0,0,0,0,0,746,0,3738,4126,0,0,0,0,0,0,0,0,2881,0
1575730826.0,0,0,0,0,0,0,0,419,7124,0,0,0,0,0,0,0,782,0,3661,4700,0,0,0,0,0,0,0,0,3212,0
1575731725.0,0,0,0,0,0,0,0,2272,6933,0,0,0,0,0,0,0,758,0,3745,5066,0,0,0,0,0,0,0,0,3730,0
1575732625.0,0,0,0,0,0,0,0,0,7149,0,0,0,0,0,0,0,0,0,3966,5090,0,0,0,0,0,0,0,0,3687,0
1575733524.0,0,0,0,0,0,0,0,1684,7196,0,0,0,0,0,0,0,0,0,3730,5581,0,0,0,0,0,0,0,0,4583,0
1575734428.0,0,0,0,0,0,0,0,1797,6974,0,0,0,0,0,0,0,0,747,3642,5833,0,0,0,0,0,0,0,0,4991,0
1575735326.0,0,0,0,0,0,0,0,1887,6960,0,0,0,0,0,0,0,0,1085,3416,5433,0,0,0,0,0,0,0,0,5531,0
1575736228.0,0,0,0,0,2338,0,0,1864,6600,0,0,0,0,0,0,0,0,1492,3393,5993,0,0,0,0,0,0,0,0,5757,0
1575737124.0,0,0,0,0,3347,0,0,1926,6775,0,0,0,0,0,0,0,0,1746,3363,5658,0,0,0,0,0,0,0,0,5458,0
1575738023.0,0,367,0,0,3489,0,0,1951,6866,0,0,0,0,0,0,0,0,1847,3461,5672,0,0,0,0,817,0,0,0,5548,0
1575738923.0,0,1707,0,0,4293,0,0,1962,6927,0,0,0,0,0,0,0,0,2027,3529,3822,0,0,0,0,1401,0,0,0,5565,0
1575739826.0,0,2387,0,0,4905,0,0,2013,8156,0,0,0,0,0,0,0,0,2080,4103,3626,0,0,0,0,1775,0,0,0,2190,0
1575740724.0,0,2959,0,0,4812,0,0,2073,7885,0,0,0,0,0,0,0,0,2145,4073,3160,0,0,0,0,2207,0,0,0,1958,0
1575741626.0,0,3370,0,0,4663,0,0,2025,8503,0,0,0,0,0,0,0,0,2038,3970,2910,0,756,0,0,2365,0,0,0,1713,0
1575742523.0,0,3387,0,0,4389,0,0,2008,7739,0,0,0,0,0,0,0,0,1963,3518,2855,0,2488,0,6012,2422,0,0,0,1557,0
1575743424.0,0,2689,0,0,4472,0,0,2025,7575,252,0,0,0,0,0,0,0,1989,3385,2481,0,3302,0,7890,2609,0,0,0,1381,0
1575744323.0,0,3016,0,0,4480,0,0,2038,7546,439,0,0,17001,0,0,0,0,2024,0,2299,0,3731,0,7474,2721,0,0,0,1295,0
1575745225.0,0,3330,0,0,5010,0,0,2116,6931,715,0,0,20959,0,0,0,0,1720,0,2225,0,3878,0,7275,3015,0,0,0,1214,0
1575746123.0,0,3464,0,0,4569,0,0,2120,7004,770,0,0,24618,0,0,0,0,1629,0,2034,0,3864,0,7051,3310,0,0,0,1204,0
1575747024.0,0,3488,0,0,2653,0,0,2158,6973,874,0,0,24120,0,0,0,0,1593,0,2077,0,3815,0,6659,3631,0,0,0,0,0
1575747923.0,0,3449,0,0,2405,0,0,2141,6896,903,0,0,23150,0,0,0,0,1526,0,2208,0,3876,0,6164,7609,0,0,0,0,0
1575748824.0,0,3386,0,0,2269,0,0,2031,6886,862,0,0,18993,0,0,0,0,1476,0,2322,0,3635,0,5785,9703,0,0,0,0,0
1575749723.0,0,3230,0,0,1952,0,0,2049,6681,906,0,0,19703,0,0,0,0,1435,0,2589,0,3604,0,5398,10958,0,0,0,0,0
1575750624.0,0,3224,0,0,1837,0,0,2015,6947,957,0,0,12709,0,0,0,0,1472,0,2381,0,3578,0,5000,12721,0,0,0,0,0
1575751524.0,0,3303,0,0,1684,0,0,1922,6724,985,0,0,6115,0,0,0,0,1609,0,2361,0,2456,0,4531,13410,0,0,0,0,0
1575752424.0,0,3087,0,0,0,0,0,1913,0,989,0,0,6957,0,0,0,0,1687,0,2188,0,0,0,4345,12631,0,0,0,0,0
1575753323.0,0,0,0,0,0,0,0,2035,0,1005,0,0,6997,0,0,0,0,1769,0,2499,0,0,0,0,12852,0,0,0,0,0
1575754223.0,0,0,0,0,0,0,0,1939,0,1022,0,0,6050,0,0,0,0,1597,0,2120,0,0,0,0,13124,0,0,0,0,0
1575755124.0,0,0,0,0,0,0,0,1871,0,1001,0,0,6520,0,0,0,0,1528,0,1914,0,0,0,0,12554,0,0,0,0,0
1575756024.0,0,0,0,0,0,0,0,1896,0,1013,0,0,3806,0,0,0,0,1513,0,1848,0,0,0,0,13470,0,0,0,0,0
1575756923.0,0,0,0,0,0,0,0,1767,0,967,0,0,3311,0,0,0,0,1401,0,2045,0,0,0,0,12680,0,0,0,0,0
1575757824.0,0,0,0,0,0,0,0,1718,0,1021,0,0,2936,0,0,0,0,1382,0,1968,0,0,0,0,12257,0,0,0,0,0
1575758722.0,0,0,0,0,0,0,0,1171,0,1010,0,0,2639,0,0,0,0,1272,0,1897,0,0,0,0,10565,0,0,0,0,0
1575759623.0,0,0,0,0,0,0,0,956,0,801,0,0,2449,0,0,0,0,0,0,1890,0,0,0,0,10069,0,0,0,0,0
1575760523.0,0,0,0,0,0,0,0,0,0,792,0,0,2321,0,0,0,0,0,0,1839,0,0,0,0,10291,0,0,0,0,0
1575761422.0,0,0,0,0,0,0,0,0,0,748,0,0,2079,0,0,0,0,0,0,2184,0,0,0,0,10291,0,0,0,0,0
1575762323.0,0,0,0,0,0,0,0,0,0,655,0,0,1947,0,0,0,0,0,0,2083,0,0,0,0,10291,0,0,0,0,0
1575763223.0,0,0,0,0,0,0,0,0,0,630,0,0,1958,0,0,0,0,0,0,2041,0,0,0,0,8805,0,0,0,0,0
1575764123.0,0,0,0,0,0,0,0,0,0,553,0,0,0,0,0,0,0,0,0,2048,0,0,0,0,7740,0,0,0,0,0
1575765024.0,0,0,0,0,0,0,0,0,0,0,0,0,0,0,0,0,0,0,0,1957,0,0,0,0,7347,0,0,0,0,0
1575765923.0,0,0,0,0,0,0,0,0,0,0,0,0,0,0,0,0,0,0,0,1936,0,0,0,0,6917,0,0,0,0,0
1575766822.0,0,0,0,0,0,0,0,0,0,0,0,0,0,0,0,0,0,0,0,1879,0,0,0,0,6845,0,0,0,0,0
1575767724.0,0,0,0,0,0,0,0,0,0,0,0,0,0,0,0,0,0,0,0,1808,0,0,0,0,0,0,0,0,0,0
1575768624.0,0,0,0,0,0,0,0,0,0,0,0,0,0,0,0,0,0,0,0,1917,0,0,0,0,0,0,0,0,0,0
1575769523.0,0,0,0,0,0,0,0,0,0,0,0,0,0,0,0,0,0,0,0,1896,0,0,0,0,0,0,0,0,0,0
1575770423.0,0,0,0,0,0,0,0,0,0,0,0,0,0,0,0,0,0,0,0,0,0,0,0,0,0,0,0,0,0,0
1575771323.0,0,0,0,0,0,0,0,0,0,0,0,0,0,0,0,0,0,0,0,0,0,0,0,0,0,0,0,0,0,0
1575772223.0,0,0,0,0,0,0,0,0,0,0,0,0,0,0,0,0,0,0,0,0,0,0,0,0,0,0,0,0,0,0
1575773123.0,0,0,0,0,0,0,0,0,0,0,0,0,0,0,0,0,0,0,0,0,0,0,0,0,0,0,0,0,0,0
1575774023.0,0,0,0,0,0,0,0,0,0,0,0,0,0,0,0,0,0,0,0,0,0,0,0,0,0,0,0,0,0,0
1575774923.0,0,0,0,0,0,0,0,0,0,0,0,0,0,0,0,0,0,0,0,0,0,0,0,0,0,0,0,0,0,0
1575775823.0,0,0,0,0,0,0,0,0,0,0,0,0,0,0,0,0,0,0,0,0,0,0,0,0,0,0,0,0,0,0
1575776722.0,0,0,0,0,0,0,0,0,0,0,0,0,0,0,0,0,0,0,0,0,0,0,0,0,0,0,0,0,155,0
1575777623.0,0,0,0,0,0,0,0,0,0,0,0,0,0,0,0,0,0,0,0,0,0,0,0,0,0,0,0,0,517,0
1575778523.0,0,0,0,0,0,0,0,0,0,0,0,0,0,0,0,0,0,0,0,0,0,0,251,0,0,0,0,0,1049,0
1575779424.0,0,0,0,0,0,0,0,0,0,0,0,0,0,0,0,0,0,0,0,0,0,0,421,0,0,0,0,0,1318,0
1575780323.0,0,0,0,0,0,0,0,0,0,0,0,0,0,0,0,0,0,0,0,0,0,0,547,0,0,0,0,0,1436,0
1575781223.0,0,0,0,0,0,0,0,0,0,0,0,0,0,0,0,0,0,0,0,0,0,0,581,0,0,0,0,0,1602,0
1575782123.0,0,0,0,0,0,0,0,0,0,0,0,0,0,0,0,0,0,0,0,0,0,0,607,0,0,0,0,0,1705,0
1575783023.0,792,0,0,0,0,0,0,0,0,0,0,0,0,0,0,0,0,0,0,0,0,0,625,0,0,0,0,0,1689,0
1575783923.0,1280,0,0,0,0,0,0,0,0,0,0,0,0,0,0,0,0,0,0,0,0,0,684,0,0,0,0,0,1778,0
1575784823.0,1489,0,0,0,0,0,0,0,0,0,695,0,0,0,0,0,0,0,0,411,0,0,703,0,0,0,0,0,1747,0
1575785723.0,1901,0,0,0,0,0,0,0,0,0,1075,0,0,0,0,0,0,0,0,627,0,0,786,0,0,0,0,0,1721,0
1575786623.0,2228,0,0,0,0,0,0,0,0,0,1234,0,0,0,0,0,0,0,0,860,0,0,847,0,0,0,0,0,1235,0
1575787523.0,2358,0,0,0,0,0,0,0,0,0,1411,0,0,0,0,0,0,0,0,960,0,0,856,0,0,0,0,0,1147,0
1575788423.0,2783,0,0,0,0,0,0,0,0,0,1504,0,0,0,0,0,0,0,0,949,0,0,885,0,0,0,0,0,1104,0
1575789325.0,3100,0,0,0,0,0,0,0,0,0,1700,0,0,0,0,0,0,0,0,1095,0,0,871,0,0,0,0,0,1118,0
1575790223.0,2984,0,0,0,0,0,0,0,0,0,1642,0,0,0,0,0,0,0,0,1133,0,0,878,0,0,0,0,0,1177,0
1575791123.0,3652,0,0,0,0,0,0,0,0,0,1760,0,0,0,0,0,0,0,0,1250,0,0,915,0,0,0,0,0,1182,0
1575792024.0,3778,0,0,0,0,0,0,0,0,0,1722,0,0,0,0,0,0,0,0,1258,0,0,911,0,0,0,0,0,1384,0
1575792924.0,3562,0,0,0,0,0,0,0,0,0,1795,0,0,0,0,0,0,0,0,1285,0,0,916,0,0,0,0,0,2110,0
1575793823.0,4089,0,0,0,0,0,0,0,0,0,2060,0,0,0,0,0,0,0,0,1346,0,0,936,0,0,0,0,0,2573,0
1575794724.0,0,0,0,0,0,0,0,0,0,0,2215,0,0,0,0,0,0,0,0,1966,0,0,954,0,0,0,0,0,3009,0
1575795625.0,0,0,0,0,0,0,0,0,0,0,2260,0,0,0,0,0,0,0,0,2333,0,0,992,0,0,0,0,0,3448,0
1575796523.0,0,0,0,373,0,0,0,0,0,0,1696,0,0,0,0,0,0,0,0,2437,0,0,947,0,0,0,0,0,3635,0
1575797423.0,0,0,0,547,0,0,0,0,0,0,1569,0,0,0,0,0,0,0,0,4287,0,0,966,0,0,0,0,0,3846,0
1575798326.0,0,0,0,594,0,0,0,0,0,0,1590,0,0,0,0,0,0,0,0,5161,0,0,978,0,0,0,0,0,4238,0
1575799223.0,0,0,0,710,0,0,0,0,0,0,1499,0,0,0,0,0,0,0,0,5694,0,0,999,0,0,0,0,0,4213,0
1575800123.0,0,0,0,677,0,0,0,0,0,0,1454,0,0,0,0,0,0,0,0,5733,0,0,955,0,0,0,0,0,5649,0
1575801022.0,0,0,0,757,0,0,0,0,0,0,1504,0,0,0,0,0,0,0,0,6851,0,0,937,0,0,0,0,0,6210,0
1575801924.0,0,0,0,801,0,0,0,0,0,0,1435,0,0,0,0,0,0,0,0,6648,0,0,952,0,0,0,0,0,6381,0
1575802823.0,0,0,0,848,0,0,0,0,0,0,1642,0,0,0,0,0,0,0,0,6309,0,0,948,0,0,0,0,0,6563,0
1575803723.0,0,0,0,834,0,0,0,0,0,0,1643,0,0,0,0,0,0,0,0,6394,0,0,0,0,0,0,0,0,6476,0
1575804622.0,0,0,0,918,0,0,0,0,0,0,1723,0,0,0,0,0,0,0,0,5995,0,0,0,0,0,0,0,0,3931,0
1575805525.0,0,0,0,974,0,0,0,0,0,0,1704,0,0,0,0,0,0,0,0,6343,0,0,0,0,0,0,0,0,2841,0
1575806426.0,0,0,0,997,0,0,0,0,0,0,1886,0,0,0,0,0,0,0,0,5986,0,0,0,0,0,0,0,0,2721,0
1575807325.0,0,0,0,969,0,0,0,0,0,0,1866,0,0,0,0,0,0,0,0,4760,0,0,0,0,0,0,0,0,2653,0
1575808227.0,0,0,0,974,0,0,0,0,0,0,1786,0,0,0,0,0,0,0,0,4988,0,0,0,0,0,0,0,0,2563,0
1575809123.0,0,0,0,1018,0,0,0,0,0,0,1813,0,0,0,0,0,0,0,0,5058,0,0,0,0,0,0,0,0,2513,0
1575810025.0,0,0,0,1029,0,0,0,0,0,0,1681,0,0,0,0,0,0,0,0,5115,0,0,0,0,0,0,0,0,2481,0
1575810925.0,0,0,0,991,0,0,0,0,0,0,0,0,0,0,0,0,0,0,0,4870,0,0,0,0,0,0,0,0,2462,0
1575811825.0,0,0,0,990,0,0,0,929,0,0,0,0,0,0,0,0,0,0,0,5352,0,0,0,0,0,0,0,0,3027,0
1575812723.0,0,0,0,839,0,0,0,1174,0,0,0,0,0,0,0,0,0,0,0,5195,0,0,0,0,0,0,0,0,3480,0
1575813626.0,0,0,0,853,0,0,0,1440,0,0,0,1145,0,0,0,0,0,0,0,5278,0,0,0,0,0,0,0,0,3550,0
1575814528.0,0,0,0,829,0,0,0,1444,0,0,0,2612,0,0,0,0,0,0,0,5307,0,0,0,0,0,0,0,0,3912,0
1575815424.0,0,0,0,862,0,0,0,1647,0,0,0,3690,0,0,0,0,0,0,0,5317,0,0,0,0,0,0,0,0,4110,0
1575816326.0,0,0,0,0,0,0,0,1647,0,0,0,4493,0,0,0,0,0,0,0,5116,0,0,0,0,0,0,0,0,4326,0
1575817226.0,0,0,0,0,0,0,0,1851,0,0,0,5671,0,0,0,0,0,0,0,4895,0,0,0,0,0,0,0,0,4650,0
1575818124.0,0,1184,0,0,0,0,0,1699,0,0,0,6555,0,0,0,0,0,0,0,5406,0,0,0,0,0,0,0,0,5168,0
1575819024.0,0,1959,0,0,0,0,0,1652,0,0,0,7145,0,0,0,0,0,0,1525,5976,0,0,0,0,0,0,0,0,9271,0
1575819924.0,0,2294,0,0,0,0,0,1703,0,0,0,3849,0,0,0,0,0,0,2747,6481,0,0,0,0,0,0,0,0,10762,0
1575820823.0,0,2445,0,0,0,0,1003,1735,0,0,0,3144,0,0,0,0,0,0,3022,6755,0,0,0,0,0,0,0,0,11466,0
1575821724.0,0,2669,0,0,2058,0,4161,1863,0,0,0,2641,0,0,0,0,0,690,2990,6452,0,0,0,0,0,0,0,0,11822,0
1575822624.0,0,2713,0,0,2699,0,5904,1892,0,0,0,2297,0,0,0,0,0,1097,2953,6478,0,0,0,0,0,0,0,0,12552,0
1575823526.0,0,2933,0,0,3241,0,7492,1946,0,0,0,2170,0,0,0,0,0,1345,3067,6189,0,0,0,0,0,0,0,0,12842,0
1575824426.0,0,3190,0,0,3596,0,9106,1989,0,0,0,1800,0,0,0,0,0,1476,2960,6449,0,0,0,0,0,0,0,0,5235,0
1575825324.0,0,3376,0,0,3839,0,10832,2168,15809,0,0,0,0,0,0,0,0,1579,3134,11644,0,0,0,0,0,0,0,0,4056,0
1575826223.0,0,2972,0,0,3697,0,10746,2123,23993,0,0,0,0,0,0,0,0,1694,3157,6103,0,0,0,0,0,0,0,0,3614,0
1575827124.0,0,2912,0,0,3646,0,10619,2202,26870,0,0,0,0,0,2794,0,0,1688,2958,5932,0,0,0,0,0,0,0,0,3286,0
1575828023.0,0,2873,0,0,3881,0,9191,0,28256,0,0,0,0,0,4740,0,0,1575,3162,6028,0,0,0,0,0,0,0,0,3175,0
1575828923.0,0,2584,0,0,3844,0,7966,0,28309,57,0,0,1437,0,5191,0,0,1722,2965,5531,0,0,0,0,0,0,766,0,3058,0
1575829825.0,0,2619,0,0,3554,0,7612,0,29849,312,0,0,1490,0,4893,0,0,1838,2825,5660,0,0,0,0,0,0,1267,0,2827,0
1575830724.0,0,2650,0,0,2236,0,6712,0,28094,568,0,0,1792,0,5316,0,0,2001,2747,5870,0,0,0,0,0,0,1503,0,2876,0
1575831623.0,0,0,0,0,1710,0,7872,0,27676,726,0,0,2119,0,5393,0,0,2100,2707,4009,0,0,0,0,0,0,1637,0,2728,0
1575832524.0,0,0,0,0,1346,0,8548,0,21044,855,0,0,2239,0,6071,0,0,2078,2761,3932,0,0,0,0,0,0,1606,0,0,0
1575833423.0,0,0,0,0,1179,0,8399,0,25367,848,0,0,1988,0,5975,0,0,2036,2615,4238,0,0,0,0,0,0,1632,0,0,0
1575834324.0,0,0,0,0,1009,0,9001,0,25090,873,0,0,1947,0,5788,0,0,1744,2458,3549,0,0,0,0,0,0,1653,0,0,0
1575835224.0,0,0,0,0,1004,0,7609,0,24929,845,0,0,1953,0,5630,0,0,1582,2720,3468,0,0,0,0,0,0,1516,0,0,0
1575836123.0,0,0,0,0,0,0,6362,0,25862,885,0,0,1700,0,6280,0,0,1598,2694,3517,0,0,0,0,0,0,1367,0,0,0
1575837024.0,0,0,0,0,0,0,5495,0,26847,860,0,0,1832,0,5975,0,0,1634,2609,3139,0,0,0,0,0,0,0,0,0,0
1575837923.0,0,0,0,0,0,0,5880,0,19230,826,0,0,2406,0,6075,0,0,1788,2787,2903,0,0,0,0,0,0,0,0,0,0
1575838822.0,0,0,0,0,0,0,0,0,22413,890,0,0,2573,0,5433,0,0,1756,2738,3190,0,0,0,0,0,0,0,0,0,0
1575839724.0,0,0,0,0,0,0,0,0,21715,858,0,0,2652,0,0,0,0,1682,2467,3267,0,0,0,0,0,0,0,0,0,0
1575840624.0,0,0,0,0,0,0,0,0,21192,791,0,0,2308,0,0,0,0,1767,2378,2779,0,0,0,0,0,0,0,0,0,0
1575841523.0,0,0,0,0,0,0,0,0,20918,812,0,0,2206,0,0,0,0,1594,2339,2485,0,0,0,0,0,0,0,0,0,0
